instance_hash,config_hash_toml,instance_data_file,scenarios,aggregation_criterion,first_stage_weight_proportion,queue_length,one_scenario_strategy,cumulative_sum_objective_first_stage_earliest,cumulative_sum_objective_first_stage_treatment_range,cumulative_sum_objective_first_stage,mean_gap,kpi_waiting_times,kpi_count_violated,difference_to_deterministic,kpi_diff_wt,kpi_diff_cv
16060245573606360052,18170198383359107758,simulations/instances/instance_16060245573606360052.csv,5,AVG,0.8,LIMITED,AVERAGE_SCENARIO,70000.0,1841200.0,1911200.0,1.740911322185151,20,19,0.7591733445803458,25.0,850.0
16060245573606360052,18170198383359107758,simulations/instances/instance_16060245573606360052.csv,5,AVG,0.8,LIMITED,AVERAGE_SCENARIO,70000.0,1841200.0,1911200.0,1.740911322185151,20,19,0.7591733445803458,25.0,850.0
10397321157149497167,1590527953883072098,simulations/instances/instance_10397321157149497167.csv,0,AVG,0.8,LIMITED,AVERAGE_SCENARIO,62400.0,1808400.0,1870800.0,0.0,23,3,0.0,0.0,0.0
10397321157149497167,1590527953883072098,simulations/instances/instance_10397321157149497167.csv,0,AVG,0.8,LIMITED,AVERAGE_SCENARIO,62400.0,1808400.0,1870800.0,0.0,23,3,0.0,0.0,0.0
10397321157149497167,12357873399685094130,simulations/instances/instance_10397321157149497167.csv,1,MAX,0.8,LIMITED,AVERAGE_SCENARIO,55200.0,1807600.0,1862800.0,0.2698315979961957,18,1,-0.4276245456489203,-21.73913043478261,-66.66666666666666
10397321157149497167,12357873399685094130,simulations/instances/instance_10397321157149497167.csv,1,MAX,0.8,LIMITED,AVERAGE_SCENARIO,55200.0,1807600.0,1862800.0,0.2698315979961957,18,1,-0.4276245456489203,-21.73913043478261,-66.66666666666666
250111777107487511,7763658798848624763,simulations/instances/instance_250111777107487511.csv,1,AVG,0.8,LIMITED,EARLIEST,64000.0,1668000.0,1732000.0,0.37427565137618113,6,0,0.4057971014492754,20.0,
250111777107487511,7763658798848624763,simulations/instances/instance_250111777107487511.csv,1,AVG,0.8,LIMITED,EARLIEST,64000.0,1668000.0,1732000.0,0.37427565137618113,6,0,0.4057971014492754,20.0,
10397321157149497167,14122416225123898139,simulations/instances/instance_10397321157149497167.csv,2,MAX,0.8,LIMITED,AVERAGE_SCENARIO,62000.0,1810400.0,1872400.0,1.8872866338413767,21,6,0.08552490912978404,-8.695652173913043,100.0
10397321157149497167,14122416225123898139,simulations/instances/instance_10397321157149497167.csv,2,MAX,0.8,LIMITED,AVERAGE_SCENARIO,62000.0,1810400.0,1872400.0,1.8872866338413767,21,6,0.08552490912978404,-8.695652173913043,100.0
17870085318395153772,10823260870451793310,simulations/instances/instance_17870085318395153772.csv,10,MAX,0.8,LIMITED,AVERAGE_SCENARIO,84800.0,1810600.0,1895400.0,22.465911553675433,30,30,2.2661055357720947,87.5,inf
17870085318395153772,10823260870451793310,simulations/instances/instance_17870085318395153772.csv,10,MAX,0.8,LIMITED,AVERAGE_SCENARIO,84800.0,1810600.0,1895400.0,22.465911553675433,30,30,2.2661055357720947,87.5,inf
17870085318395153772,8072184024845084329,simulations/instances/instance_17870085318395153772.csv,2,MAX,0.8,LIMITED,AVERAGE_SCENARIO,45200.0,1797800.0,1843000.0,1.2236727891857941,10,0,-0.5611308945721377,-37.5,
17870085318395153772,8072184024845084329,simulations/instances/instance_17870085318395153772.csv,2,MAX,0.8,LIMITED,AVERAGE_SCENARIO,45200.0,1797800.0,1843000.0,1.2236727891857941,10,0,-0.5611308945721377,-37.5,
135224002065681560,9421076470445527290,simulations/instances/instance_135224002065681560.csv,0,AVG,0.8,LIMITED,AVERAGE_SCENARIO,46400.0,1658000.0,1704400.0,0.0,4,0,0.0,0.0,
135224002065681560,9421076470445527290,simulations/instances/instance_135224002065681560.csv,0,AVG,0.8,LIMITED,AVERAGE_SCENARIO,46400.0,1658000.0,1704400.0,0.0,4,0,0.0,0.0,
9707043526940373274,15280541241629212635,simulations/instances/instance_9707043526940373274.csv,0,AVG,0.8,LIMITED,AVERAGE_SCENARIO,73600.0,1611600.0,1685200.0,0.0,13,0,0.0,0.0,
9707043526940373274,15280541241629212635,simulations/instances/instance_9707043526940373274.csv,0,AVG,0.8,LIMITED,AVERAGE_SCENARIO,73600.0,1611600.0,1685200.0,0.0,13,0,0.0,0.0,
3616442042494646722,1233501857340531324,simulations/instances/instance_3616442042494646722.csv,1,MAX,0.8,LIMITED,AVERAGE_SCENARIO,44000.0,1777800.0,1821800.0,0.07743679028537263,1,1,-0.2081507449605609,-80.0,inf
3616442042494646722,1233501857340531324,simulations/instances/instance_3616442042494646722.csv,1,MAX,0.8,LIMITED,AVERAGE_SCENARIO,44000.0,1777800.0,1821800.0,0.07743679028537263,1,1,-0.2081507449605609,-80.0,inf
2775139937030573620,3287957880364159758,simulations/instances/instance_2775139937030573620.csv,5,MAX,0.8,LIMITED,AVERAGE_SCENARIO,151200.0,1946800.0,2098000.0,12.403276630786033,85,39,4.315831344470963,372.22222222222223,680.0
2775139937030573620,3287957880364159758,simulations/instances/instance_2775139937030573620.csv,5,MAX,0.8,LIMITED,AVERAGE_SCENARIO,151200.0,1946800.0,2098000.0,12.403276630786033,85,39,4.315831344470963,372.22222222222223,680.0
4929011461548171347,16624585090020314454,simulations/instances/instance_4929011461548171347.csv,10,MAX,0.8,LIMITED,AVERAGE_SCENARIO,108800.0,1835200.0,1944000.0,19.61664450764085,50,26,2.3481099294514056,163.1578947368421,inf
4929011461548171347,16624585090020314454,simulations/instances/instance_4929011461548171347.csv,10,MAX,0.8,LIMITED,AVERAGE_SCENARIO,108800.0,1835200.0,1944000.0,19.61664450764085,50,26,2.3481099294514056,163.1578947368421,inf
10397321157149497167,17200229009928885783,simulations/instances/instance_10397321157149497167.csv,1,MAX,0.8,LIMITED,EARLIEST,56400.0,1808000.0,1864400.0,0.6558338227443196,19,0,-0.34209963651913616,-17.391304347826086,-100.0
10397321157149497167,17200229009928885783,simulations/instances/instance_10397321157149497167.csv,1,MAX,0.8,LIMITED,EARLIEST,56400.0,1808000.0,1864400.0,0.6558338227443196,19,0,-0.34209963651913616,-17.391304347826086,-100.0
135224002065681560,11579181127175267119,simulations/instances/instance_135224002065681560.csv,1,AVG,0.8,LIMITED,AVERAGE_SCENARIO,46000.0,1658000.0,1704000.0,0.025158284367675168,5,0,-0.02346866932644919,25.0,
135224002065681560,11579181127175267119,simulations/instances/instance_135224002065681560.csv,1,AVG,0.8,LIMITED,AVERAGE_SCENARIO,46000.0,1658000.0,1704000.0,0.025158284367675168,5,0,-0.02346866932644919,25.0,
3616442042494646722,18011162426279980739,simulations/instances/instance_3616442042494646722.csv,5,MAX,0.8,LIMITED,EARLIEST,53600.0,1779800.0,1833400.0,7.872981002182084,9,6,0.42725679228746716,80.0,inf
3616442042494646722,18011162426279980739,simulations/instances/instance_3616442042494646722.csv,5,MAX,0.8,LIMITED,EARLIEST,53600.0,1779800.0,1833400.0,7.872981002182084,9,6,0.42725679228746716,80.0,inf
10987222697483944105,1957999981915079326,simulations/instances/instance_10987222697483944105.csv,5,MAX,0.8,LIMITED,EARLIEST,76800.0,1687000.0,1763800.0,5.66019589994194,14,3,-0.6197881451431148,-39.130434782608695,-50.0
10987222697483944105,1957999981915079326,simulations/instances/instance_10987222697483944105.csv,5,MAX,0.8,LIMITED,EARLIEST,76800.0,1687000.0,1763800.0,5.66019589994194,14,3,-0.6197881451431148,-39.130434782608695,-50.0
15681825288749210743,10098288412621794956,simulations/instances/instance_15681825288749210743.csv,2,MAX,0.8,LIMITED,EARLIEST,105600.0,1771800.0,1877400.0,0.7712441872665868,24,3,1.645912290200325,100.0,inf
15681825288749210743,10098288412621794956,simulations/instances/instance_15681825288749210743.csv,2,MAX,0.8,LIMITED,EARLIEST,105600.0,1771800.0,1877400.0,0.7712441872665868,24,3,1.645912290200325,100.0,inf
17870085318395153772,3357496621147993725,simulations/instances/instance_17870085318395153772.csv,1,AVG,0.8,LIMITED,EARLIEST,42800.0,1797600.0,1840400.0,0.6005622104497986,9,0,-0.7014136182151721,-43.75,
17870085318395153772,3357496621147993725,simulations/instances/instance_17870085318395153772.csv,1,AVG,0.8,LIMITED,EARLIEST,42800.0,1797600.0,1840400.0,0.6005622104497986,9,0,-0.7014136182151721,-43.75,
6096551986938506664,956863755517333001,simulations/instances/instance_6096551986938506664.csv,5,MAX,0.8,LIMITED,EARLIEST,97600.0,1834600.0,1932200.0,8.667696383351965,17,12,-0.31985142385472554,-19.047619047619047,inf
6096551986938506664,956863755517333001,simulations/instances/instance_6096551986938506664.csv,5,MAX,0.8,LIMITED,EARLIEST,97600.0,1834600.0,1932200.0,8.667696383351965,17,12,-0.31985142385472554,-19.047619047619047,inf
9707043526940373274,9040322476158807259,simulations/instances/instance_9707043526940373274.csv,1,MAX,0.8,LIMITED,EARLIEST,68800.0,1612400.0,1681200.0,0.4696949865635767,11,0,-0.23736055067647754,-15.384615384615385,
9707043526940373274,9040322476158807259,simulations/instances/instance_9707043526940373274.csv,1,MAX,0.8,LIMITED,EARLIEST,68800.0,1612400.0,1681200.0,0.4696949865635767,11,0,-0.23736055067647754,-15.384615384615385,
9707043526940373274,15930475880771043350,simulations/instances/instance_9707043526940373274.csv,5,AVG,0.8,LIMITED,AVERAGE_SCENARIO,93200.0,1618800.0,1712000.0,11.514776032466543,26,13,1.5903156895323998,100.0,inf
9707043526940373274,15930475880771043350,simulations/instances/instance_9707043526940373274.csv,5,AVG,0.8,LIMITED,AVERAGE_SCENARIO,93200.0,1618800.0,1712000.0,11.514776032466543,26,13,1.5903156895323998,100.0,inf
15681825288749210743,11967526639499734920,simulations/instances/instance_15681825288749210743.csv,1,MAX,0.8,LIMITED,EARLIEST,80000.0,1770000.0,1850000.0,0.6865047399977027,12,3,0.16242555495397942,0.0,inf
15681825288749210743,11967526639499734920,simulations/instances/instance_15681825288749210743.csv,1,MAX,0.8,LIMITED,EARLIEST,80000.0,1770000.0,1850000.0,0.6865047399977027,12,3,0.16242555495397942,0.0,inf
2192742545724921127,7161094506219957374,simulations/instances/instance_2192742545724921127.csv,10,AVG,0.8,LIMITED,EARLIEST,165600.0,1956200.0,2121800.0,20.031873797679093,64,103,4.2243835347283625,113.33333333333333,5050.0
2192742545724921127,7161094506219957374,simulations/instances/instance_2192742545724921127.csv,10,AVG,0.8,LIMITED,EARLIEST,165600.0,1956200.0,2121800.0,20.031873797679093,64,103,4.2243835347283625,113.33333333333333,5050.0
10397321157149497167,2317609003076468454,simulations/instances/instance_10397321157149497167.csv,2,AVG,0.8,LIMITED,EARLIEST,50800.0,1812200.0,1863000.0,1.885154709069263,13,8,-0.4169339320076972,-43.47826086956522,166.66666666666669
10397321157149497167,2317609003076468454,simulations/instances/instance_10397321157149497167.csv,2,AVG,0.8,LIMITED,EARLIEST,50800.0,1812200.0,1863000.0,1.885154709069263,13,8,-0.4169339320076972,-43.47826086956522,166.66666666666669
135224002065681560,11762554162467787058,simulations/instances/instance_135224002065681560.csv,2,AVG,0.8,LIMITED,AVERAGE_SCENARIO,44000.0,1659000.0,1703000.0,2.4396222585217053,3,2,-0.08214034264257217,-25.0,inf
135224002065681560,11762554162467787058,simulations/instances/instance_135224002065681560.csv,2,AVG,0.8,LIMITED,AVERAGE_SCENARIO,44000.0,1659000.0,1703000.0,2.4396222585217053,3,2,-0.08214034264257217,-25.0,inf
16060245573606360052,6147131008403437578,simulations/instances/instance_16060245573606360052.csv,2,AVG,0.8,LIMITED,AVERAGE_SCENARIO,70000.0,1831400.0,1901400.0,1.4795727273972978,14,3,0.24251370729649938,-12.5,50.0
16060245573606360052,6147131008403437578,simulations/instances/instance_16060245573606360052.csv,2,AVG,0.8,LIMITED,AVERAGE_SCENARIO,70000.0,1831400.0,1901400.0,1.4795727273972978,14,3,0.24251370729649938,-12.5,50.0
9707043526940373274,1607385900206120629,simulations/instances/instance_9707043526940373274.csv,2,MAX,0.8,LIMITED,EARLIEST,78000.0,1613600.0,1691600.0,0.5216372153123168,17,3,0.3797768810823641,30.76923076923077,inf
9707043526940373274,1607385900206120629,simulations/instances/instance_9707043526940373274.csv,2,MAX,0.8,LIMITED,EARLIEST,78000.0,1613600.0,1691600.0,0.5216372153123168,17,3,0.3797768810823641,30.76923076923077,inf
16060245573606360052,9517247990061057126,simulations/instances/instance_16060245573606360052.csv,2,MAX,0.8,LIMITED,EARLIEST,101200.0,1832400.0,1933600.0,1.2302513586831025,29,2,1.940109658371995,81.25,0.0
16060245573606360052,9517247990061057126,simulations/instances/instance_16060245573606360052.csv,2,MAX,0.8,LIMITED,EARLIEST,101200.0,1832400.0,1933600.0,1.2302513586831025,29,2,1.940109658371995,81.25,0.0
16060245573606360052,4565809919893347795,simulations/instances/instance_16060245573606360052.csv,5,AVG,0.8,LIMITED,EARLIEST,57600.0,1832200.0,1889800.0,7.890546110862252,11,1,-0.36904259805989037,-31.25,-50.0
16060245573606360052,4565809919893347795,simulations/instances/instance_16060245573606360052.csv,5,AVG,0.8,LIMITED,EARLIEST,57600.0,1832200.0,1889800.0,7.890546110862252,11,1,-0.36904259805989037,-31.25,-50.0
16060245573606360052,13418042325248968466,simulations/instances/instance_16060245573606360052.csv,10,AVG,0.8,LIMITED,EARLIEST,129200.0,1853400.0,1982600.0,15.628303499936319,44,58,4.523407844791228,175.0,2800.0
16060245573606360052,13418042325248968466,simulations/instances/instance_16060245573606360052.csv,10,AVG,0.8,LIMITED,EARLIEST,129200.0,1853400.0,1982600.0,15.628303499936319,44,58,4.523407844791228,175.0,2800.0
12766632818714929165,13399580177478076655,simulations/instances/instance_12766632818714929165.csv,0,AVG,0.8,LIMITED,AVERAGE_SCENARIO,76400.0,1749800.0,1826200.0,0.0,14,0,0.0,0.0,
12766632818714929165,13399580177478076655,simulations/instances/instance_12766632818714929165.csv,0,AVG,0.8,LIMITED,AVERAGE_SCENARIO,76400.0,1749800.0,1826200.0,0.0,14,0,0.0,0.0,
9707043526940373274,11435769570568487853,simulations/instances/instance_9707043526940373274.csv,5,MAX,0.8,LIMITED,AVERAGE_SCENARIO,61600.0,1615200.0,1676800.0,7.6743400527478185,9,5,-0.49845715642060295,-30.76923076923077,inf
9707043526940373274,11435769570568487853,simulations/instances/instance_9707043526940373274.csv,5,MAX,0.8,LIMITED,AVERAGE_SCENARIO,61600.0,1615200.0,1676800.0,7.6743400527478185,9,5,-0.49845715642060295,-30.76923076923077,inf
2192742545724921127,12713971805425684601,simulations/instances/instance_2192742545724921127.csv,1,AVG,0.8,LIMITED,EARLIEST,78400.0,1915800.0,1994200.0,0.8014441882180834,14,0,-2.0434227330779056,-53.333333333333336,-100.0
2192742545724921127,12713971805425684601,simulations/instances/instance_2192742545724921127.csv,1,AVG,0.8,LIMITED,EARLIEST,78400.0,1915800.0,1994200.0,0.8014441882180834,14,0,-2.0434227330779056,-53.333333333333336,-100.0
17870085318395153772,8619587192060728138,simulations/instances/instance_17870085318395153772.csv,10,MAX,0.8,LIMITED,EARLIEST,78000.0,1812200.0,1890200.0,16.491883947143354,29,31,1.9855400884860257,81.25,inf
17870085318395153772,8619587192060728138,simulations/instances/instance_17870085318395153772.csv,10,MAX,0.8,LIMITED,EARLIEST,78000.0,1812200.0,1890200.0,16.491883947143354,29,31,1.9855400884860257,81.25,inf
9707043526940373274,9232095892177422681,simulations/instances/instance_9707043526940373274.csv,5,MAX,0.8,LIMITED,EARLIEST,79600.0,1617000.0,1696600.0,5.8818953881372,17,9,0.6764775694279611,30.76923076923077,inf
9707043526940373274,9232095892177422681,simulations/instances/instance_9707043526940373274.csv,5,MAX,0.8,LIMITED,EARLIEST,79600.0,1617000.0,1696600.0,5.8818953881372,17,9,0.6764775694279611,30.76923076923077,inf
15681825288749210743,9181786185292467000,simulations/instances/instance_15681825288749210743.csv,5,AVG,0.8,LIMITED,EARLIEST,90000.0,1771000.0,1861000.0,8.271827475424512,17,2,0.7579859231185706,41.66666666666667,inf
15681825288749210743,9181786185292467000,simulations/instances/instance_15681825288749210743.csv,5,AVG,0.8,LIMITED,EARLIEST,90000.0,1771000.0,1861000.0,8.271827475424512,17,2,0.7579859231185706,41.66666666666667,inf
135224002065681560,9375507448784201947,simulations/instances/instance_135224002065681560.csv,1,AVG,0.8,LIMITED,EARLIEST,52000.0,1658400.0,1710400.0,0.5221925111219929,7,0,0.35203003989673787,75.0,
135224002065681560,9375507448784201947,simulations/instances/instance_135224002065681560.csv,1,AVG,0.8,LIMITED,EARLIEST,52000.0,1658400.0,1710400.0,0.5221925111219929,7,0,0.35203003989673787,75.0,
135224002065681560,5222506124259031344,simulations/instances/instance_135224002065681560.csv,10,MAX,0.8,LIMITED,EARLIEST,62000.0,1683600.0,1745600.0,12.843318378821724,20,52,2.4172729406242666,400.0,inf
135224002065681560,5222506124259031344,simulations/instances/instance_135224002065681560.csv,10,MAX,0.8,LIMITED,EARLIEST,62000.0,1683600.0,1745600.0,12.843318378821724,20,52,2.4172729406242666,400.0,inf
135224002065681560,11853018249527024046,simulations/instances/instance_135224002065681560.csv,1,MAX,0.8,LIMITED,EARLIEST,41600.0,1657400.0,1699000.0,4.133524348239478,2,0,-0.31682703590706407,-50.0,
135224002065681560,11853018249527024046,simulations/instances/instance_135224002065681560.csv,1,MAX,0.8,LIMITED,EARLIEST,41600.0,1657400.0,1699000.0,4.133524348239478,2,0,-0.31682703590706407,-50.0,
135224002065681560,3682170005221323158,simulations/instances/instance_135224002065681560.csv,2,MAX,0.8,LIMITED,AVERAGE_SCENARIO,62400.0,1658200.0,1720600.0,1.4931066673259703,14,0,0.9504811077211923,250.0,
135224002065681560,3682170005221323158,simulations/instances/instance_135224002065681560.csv,2,MAX,0.8,LIMITED,AVERAGE_SCENARIO,62400.0,1658200.0,1720600.0,1.4931066673259703,14,0,0.9504811077211923,250.0,
15681825288749210743,5196372626491904978,simulations/instances/instance_15681825288749210743.csv,10,AVG,0.8,LIMITED,AVERAGE_SCENARIO,83200.0,1778200.0,1861400.0,19.289215006628602,17,16,0.7796426637791012,41.66666666666667,inf
15681825288749210743,5196372626491904978,simulations/instances/instance_15681825288749210743.csv,10,AVG,0.8,LIMITED,AVERAGE_SCENARIO,83200.0,1778200.0,1861400.0,19.289215006628602,17,16,0.7796426637791012,41.66666666666667,inf
17870085318395153772,5561170299539058897,simulations/instances/instance_17870085318395153772.csv,1,AVG,0.8,LIMITED,AVERAGE_SCENARIO,46400.0,1799000.0,1845400.0,0.2798172672871011,10,0,-0.43163914967087513,-37.5,
17870085318395153772,5561170299539058897,simulations/instances/instance_17870085318395153772.csv,1,AVG,0.8,LIMITED,AVERAGE_SCENARIO,46400.0,1799000.0,1845400.0,0.2798172672871011,10,0,-0.43163914967087513,-37.5,
6096551986938506664,8458567209427351674,simulations/instances/instance_6096551986938506664.csv,2,AVG,0.8,LIMITED,EARLIEST,88000.0,1830000.0,1918000.0,1.6611862508174338,12,0,-1.0524143623607098,-42.857142857142854,
6096551986938506664,8458567209427351674,simulations/instances/instance_6096551986938506664.csv,2,AVG,0.8,LIMITED,EARLIEST,88000.0,1830000.0,1918000.0,1.6611862508174338,12,0,-1.0524143623607098,-42.857142857142854,
4929011461548171347,6151783935365101315,simulations/instances/instance_4929011461548171347.csv,10,AVG,0.8,LIMITED,AVERAGE_SCENARIO,82800.0,1830800.0,1913600.0,22.866951446857072,33,27,0.747604506686322,73.68421052631578,inf
4929011461548171347,6151783935365101315,simulations/instances/instance_4929011461548171347.csv,10,AVG,0.8,LIMITED,AVERAGE_SCENARIO,82800.0,1830800.0,1913600.0,22.866951446857072,33,27,0.747604506686322,73.68421052631578,inf
3616442042494646722,17189527824341435311,simulations/instances/instance_3616442042494646722.csv,0,AVG,0.8,LIMITED,AVERAGE_SCENARIO,48000.0,1777600.0,1825600.0,0.0,5,0,0.0,0.0,
3616442042494646722,17189527824341435311,simulations/instances/instance_3616442042494646722.csv,0,AVG,0.8,LIMITED,AVERAGE_SCENARIO,48000.0,1777600.0,1825600.0,0.0,5,0,0.0,0.0,
10987222697483944105,4453182076022704810,simulations/instances/instance_10987222697483944105.csv,2,MAX,0.8,LIMITED,EARLIEST,93600.0,1686200.0,1779800.0,1.265084434832775,22,6,0.2817218841559612,-4.3478260869565215,0.0
10987222697483944105,4453182076022704810,simulations/instances/instance_10987222697483944105.csv,2,MAX,0.8,LIMITED,EARLIEST,93600.0,1686200.0,1779800.0,1.265084434832775,22,6,0.2817218841559612,-4.3478260869565215,0.0
6096551986938506664,15342116136189164116,simulations/instances/instance_6096551986938506664.csv,1,MAX,0.8,LIMITED,AVERAGE_SCENARIO,90400.0,1830400.0,1920800.0,0.40510566661618425,12,0,-0.9079653322327692,-42.857142857142854,
6096551986938506664,15342116136189164116,simulations/instances/instance_6096551986938506664.csv,1,MAX,0.8,LIMITED,AVERAGE_SCENARIO,90400.0,1830400.0,1920800.0,0.40510566661618425,12,0,-0.9079653322327692,-42.857142857142854,
6096551986938506664,8436107661317024822,simulations/instances/instance_6096551986938506664.csv,1,AVG,0.8,LIMITED,AVERAGE_SCENARIO,91600.0,1830600.0,1922200.0,0.5289630096117709,14,0,-0.835740817168799,-33.33333333333333,
6096551986938506664,8436107661317024822,simulations/instances/instance_6096551986938506664.csv,1,AVG,0.8,LIMITED,AVERAGE_SCENARIO,91600.0,1830600.0,1922200.0,0.5289630096117709,14,0,-0.835740817168799,-33.33333333333333,
16060245573606360052,8341814712996740534,simulations/instances/instance_16060245573606360052.csv,2,AVG,0.8,LIMITED,EARLIEST,64800.0,1832400.0,1897200.0,1.2381674244423155,13,3,0.021088148460565163,-18.75,50.0
16060245573606360052,8341814712996740534,simulations/instances/instance_16060245573606360052.csv,2,AVG,0.8,LIMITED,EARLIEST,64800.0,1832400.0,1897200.0,1.2381674244423155,13,3,0.021088148460565163,-18.75,50.0
10397321157149497167,14340676378032138634,simulations/instances/instance_10397321157149497167.csv,5,AVG,0.8,LIMITED,EARLIEST,77600.0,1814600.0,1892200.0,11.79338473816847,28,17,1.1438956596108618,21.73913043478261,466.6666666666667
10397321157149497167,14340676378032138634,simulations/instances/instance_10397321157149497167.csv,5,AVG,0.8,LIMITED,EARLIEST,77600.0,1814600.0,1892200.0,11.79338473816847,28,17,1.1438956596108618,21.73913043478261,466.6666666666667
15681825288749210743,5500649017579856789,simulations/instances/instance_15681825288749210743.csv,0,AVG,0.8,LIMITED,AVERAGE_SCENARIO,78400.0,1768600.0,1847000.0,0.0,12,0,0.0,0.0,
15681825288749210743,5500649017579856789,simulations/instances/instance_15681825288749210743.csv,0,AVG,0.8,LIMITED,AVERAGE_SCENARIO,78400.0,1768600.0,1847000.0,0.0,12,0,0.0,0.0,
7465116319130191447,2583494035036797610,simulations/instances/instance_7465116319130191447.csv,2,MAX,0.8,LIMITED,EARLIEST,52800.0,1781000.0,1833800.0,0.7761102114075948,5,2,0.2624384909786769,150.0,inf
7465116319130191447,2583494035036797610,simulations/instances/instance_7465116319130191447.csv,2,MAX,0.8,LIMITED,EARLIEST,52800.0,1781000.0,1833800.0,0.7761102114075948,5,2,0.2624384909786769,150.0,inf
2192742545724921127,15781378671745116058,simulations/instances/instance_2192742545724921127.csv,10,MAX,0.8,LIMITED,AVERAGE_SCENARIO,107200.0,1928400.0,2035600.0,19.933879144352364,23,28,-0.009824147755182238,-23.333333333333332,1300.0
2192742545724921127,15781378671745116058,simulations/instances/instance_2192742545724921127.csv,10,MAX,0.8,LIMITED,AVERAGE_SCENARIO,107200.0,1928400.0,2035600.0,19.933879144352364,23,28,-0.009824147755182238,-23.333333333333332,1300.0
2775139937030573620,16463340470522269059,simulations/instances/instance_2775139937030573620.csv,2,MAX,0.8,LIMITED,AVERAGE_SCENARIO,81600.0,1935400.0,2017000.0,3.0470692191558784,25,5,0.28838504375497215,38.88888888888889,0.0
2775139937030573620,16463340470522269059,simulations/instances/instance_2775139937030573620.csv,2,MAX,0.8,LIMITED,AVERAGE_SCENARIO,81600.0,1935400.0,2017000.0,3.0470692191558784,25,5,0.28838504375497215,38.88888888888889,0.0
2192742545724921127,1355355606340810667,simulations/instances/instance_2192742545724921127.csv,5,AVG,0.8,LIMITED,AVERAGE_SCENARIO,110800.0,1929200.0,2040000.0,12.282496062307752,29,22,0.20630710285882697,-3.3333333333333335,1000.0
2192742545724921127,1355355606340810667,simulations/instances/instance_2192742545724921127.csv,5,AVG,0.8,LIMITED,AVERAGE_SCENARIO,110800.0,1929200.0,2040000.0,12.282496062307752,29,22,0.20630710285882697,-3.3333333333333335,1000.0
9707043526940373274,5719991848330576368,simulations/instances/instance_9707043526940373274.csv,1,AVG,0.8,LIMITED,EARLIEST,54800.0,1611200.0,1666000.0,0.41836594992361675,7,0,-1.1393306432470922,-46.15384615384615,
9707043526940373274,5719991848330576368,simulations/instances/instance_9707043526940373274.csv,1,AVG,0.8,LIMITED,EARLIEST,54800.0,1611200.0,1666000.0,0.41836594992361675,7,0,-1.1393306432470922,-46.15384615384615,
10987222697483944105,5882577267871090792,simulations/instances/instance_10987222697483944105.csv,2,AVG,0.8,LIMITED,AVERAGE_SCENARIO,78000.0,1686800.0,1764800.0,1.932922657286299,13,3,-0.5634437683119224,-43.47826086956522,-50.0
10987222697483944105,5882577267871090792,simulations/instances/instance_10987222697483944105.csv,2,AVG,0.8,LIMITED,AVERAGE_SCENARIO,78000.0,1686800.0,1764800.0,1.932922657286299,13,3,-0.5634437683119224,-43.47826086956522,-50.0
7465116319130191447,14044813691835146100,simulations/instances/instance_7465116319130191447.csv,1,MAX,0.8,LIMITED,EARLIEST,49200.0,1780800.0,1830000.0,0.21600447935855951,3,1,0.054674685620557675,50.0,inf
7465116319130191447,14044813691835146100,simulations/instances/instance_7465116319130191447.csv,1,MAX,0.8,LIMITED,EARLIEST,49200.0,1780800.0,1830000.0,0.21600447935855951,3,1,0.054674685620557675,50.0,inf
135224002065681560,1478496326830257986,simulations/instances/instance_135224002065681560.csv,2,MAX,0.8,LIMITED,EARLIEST,47200.0,1658200.0,1705400.0,1.2310303823377398,6,1,0.05867167331612298,50.0,inf
135224002065681560,1478496326830257986,simulations/instances/instance_135224002065681560.csv,2,MAX,0.8,LIMITED,EARLIEST,47200.0,1658200.0,1705400.0,1.2310303823377398,6,1,0.05867167331612298,50.0,inf
9707043526940373274,6102092210408676126,simulations/instances/instance_9707043526940373274.csv,2,AVG,0.8,LIMITED,EARLIEST,74400.0,1611800.0,1686200.0,1.9698271223494068,13,0,0.059340137669119386,0.0,
9707043526940373274,6102092210408676126,simulations/instances/instance_9707043526940373274.csv,2,AVG,0.8,LIMITED,EARLIEST,74400.0,1611800.0,1686200.0,1.9698271223494068,13,0,0.059340137669119386,0.0,
3616442042494646722,13168806816036189086,simulations/instances/instance_3616442042494646722.csv,5,MAX,0.8,LIMITED,AVERAGE_SCENARIO,46400.0,1777600.0,1824000.0,8.927531207244286,3,1,-0.0876424189307625,-40.0,inf
3616442042494646722,13168806816036189086,simulations/instances/instance_3616442042494646722.csv,5,MAX,0.8,LIMITED,AVERAGE_SCENARIO,46400.0,1777600.0,1824000.0,8.927531207244286,3,1,-0.0876424189307625,-40.0,inf
3616442042494646722,4594399238074480542,simulations/instances/instance_3616442042494646722.csv,2,AVG,0.8,LIMITED,EARLIEST,46400.0,1777400.0,1823800.0,1.9158958009504432,3,0,-0.0985977212971078,-40.0,
3616442042494646722,4594399238074480542,simulations/instances/instance_3616442042494646722.csv,2,AVG,0.8,LIMITED,EARLIEST,46400.0,1777400.0,1823800.0,1.9158958009504432,3,0,-0.0985977212971078,-40.0,
10987222697483944105,3678903589480025620,simulations/instances/instance_10987222697483944105.csv,2,AVG,0.8,LIMITED,EARLIEST,78400.0,1684600.0,1763000.0,1.766016281372694,12,0,-0.6648636466080685,-47.82608695652174,-100.0
10987222697483944105,3678903589480025620,simulations/instances/instance_10987222697483944105.csv,2,AVG,0.8,LIMITED,EARLIEST,78400.0,1684600.0,1763000.0,1.766016281372694,12,0,-0.6648636466080685,-47.82608695652174,-100.0
7465116319130191447,5570427364627173249,simulations/instances/instance_7465116319130191447.csv,10,AVG,0.8,LIMITED,AVERAGE_SCENARIO,68400.0,1792600.0,1861000.0,19.96762505088634,14,26,1.7495899398578456,600.0,inf
7465116319130191447,5570427364627173249,simulations/instances/instance_7465116319130191447.csv,10,AVG,0.8,LIMITED,AVERAGE_SCENARIO,68400.0,1792600.0,1861000.0,19.96762505088634,14,26,1.7495899398578456,600.0,inf
16060245573606360052,17493859522041335161,simulations/instances/instance_16060245573606360052.csv,1,MAX,0.8,LIMITED,EARLIEST,56800.0,1831000.0,1887800.0,0.5071758193541469,10,2,-0.47448334036271617,-37.5,0.0
16060245573606360052,17493859522041335161,simulations/instances/instance_16060245573606360052.csv,1,MAX,0.8,LIMITED,EARLIEST,56800.0,1831000.0,1887800.0,0.5071758193541469,10,2,-0.47448334036271617,-37.5,0.0
10397321157149497167,11918742546732832967,simulations/instances/instance_10397321157149497167.csv,2,MAX,0.8,LIMITED,EARLIEST,93200.0,1814400.0,1907600.0,1.4859399856350417,39,12,1.967072909985033,69.56521739130434,300.0
10397321157149497167,11918742546732832967,simulations/instances/instance_10397321157149497167.csv,2,MAX,0.8,LIMITED,EARLIEST,93200.0,1814400.0,1907600.0,1.4859399856350417,39,12,1.967072909985033,69.56521739130434,300.0
250111777107487511,9612662866058639790,simulations/instances/instance_250111777107487511.csv,5,AVG,0.8,LIMITED,EARLIEST,76800.0,1670400.0,1747200.0,6.750470692131653,13,10,1.2869565217391303,160.0,inf
250111777107487511,9612662866058639790,simulations/instances/instance_250111777107487511.csv,5,AVG,0.8,LIMITED,EARLIEST,76800.0,1670400.0,1747200.0,6.750470692131653,13,10,1.2869565217391303,160.0,inf
17870085318395153772,1270870951412080990,simulations/instances/instance_17870085318395153772.csv,0,AVG,0.8,LIMITED,AVERAGE_SCENARIO,54000.0,1799400.0,1853400.0,0.0,16,0,0.0,0.0,
17870085318395153772,1270870951412080990,simulations/instances/instance_17870085318395153772.csv,0,AVG,0.8,LIMITED,AVERAGE_SCENARIO,54000.0,1799400.0,1853400.0,0.0,16,0,0.0,0.0,
16060245573606360052,6189493664184827739,simulations/instances/instance_16060245573606360052.csv,1,AVG,0.8,LIMITED,EARLIEST,53200.0,1830800.0,1884000.0,0.4355034151680714,9,1,-0.6748207507380852,-43.75,-50.0
16060245573606360052,6189493664184827739,simulations/instances/instance_16060245573606360052.csv,1,AVG,0.8,LIMITED,EARLIEST,53200.0,1830800.0,1884000.0,0.4355034151680714,9,1,-0.6748207507380852,-43.75,-50.0
15681825288749210743,13396921831348120902,simulations/instances/instance_15681825288749210743.csv,1,AVG,0.8,LIMITED,AVERAGE_SCENARIO,89600.0,1770400.0,1860000.0,1.2339329453718437,17,0,0.7038440714672441,41.66666666666667,
15681825288749210743,13396921831348120902,simulations/instances/instance_15681825288749210743.csv,1,AVG,0.8,LIMITED,AVERAGE_SCENARIO,89600.0,1770400.0,1860000.0,1.2339329453718437,17,0,0.7038440714672441,41.66666666666667,
7465116319130191447,5882127453763123556,simulations/instances/instance_7465116319130191447.csv,1,AVG,0.8,LIMITED,AVERAGE_SCENARIO,48800.0,1780200.0,1829000.0,0.13631430009143405,2,2,0.0,0.0,inf
7465116319130191447,5882127453763123556,simulations/instances/instance_7465116319130191447.csv,1,AVG,0.8,LIMITED,AVERAGE_SCENARIO,48800.0,1780200.0,1829000.0,0.13631430009143405,2,2,0.0,0.0,inf
3616442042494646722,17476572252659017768,simulations/instances/instance_3616442042494646722.csv,1,MAX,0.8,LIMITED,EARLIEST,44000.0,1777800.0,1821800.0,0.22352490181691936,1,0,-0.2081507449605609,-80.0,
3616442042494646722,17476572252659017768,simulations/instances/instance_3616442042494646722.csv,1,MAX,0.8,LIMITED,EARLIEST,44000.0,1777800.0,1821800.0,0.22352490181691936,1,0,-0.2081507449605609,-80.0,
6096551986938506664,8743447708231985082,simulations/instances/instance_6096551986938506664.csv,2,MAX,0.8,LIMITED,EARLIEST,111200.0,1832000.0,1943200.0,1.6533761911921716,24,5,0.24762690879075525,14.285714285714285,inf
6096551986938506664,8743447708231985082,simulations/instances/instance_6096551986938506664.csv,2,MAX,0.8,LIMITED,EARLIEST,111200.0,1832000.0,1943200.0,1.6533761911921716,24,5,0.24762690879075525,14.285714285714285,inf
250111777107487511,9705418741933128285,simulations/instances/instance_250111777107487511.csv,10,AVG,0.8,LIMITED,EARLIEST,86800.0,1668400.0,1755200.0,14.37184517727529,19,1,1.7507246376811594,280.0,inf
250111777107487511,9705418741933128285,simulations/instances/instance_250111777107487511.csv,10,AVG,0.8,LIMITED,EARLIEST,86800.0,1668400.0,1755200.0,14.37184517727529,19,1,1.7507246376811594,280.0,inf
7465116319130191447,3678453775372058384,simulations/instances/instance_7465116319130191447.csv,1,AVG,0.8,LIMITED,EARLIEST,48800.0,1780200.0,1829000.0,0.35588959619317284,2,0,0.0,0.0,
7465116319130191447,3678453775372058384,simulations/instances/instance_7465116319130191447.csv,1,AVG,0.8,LIMITED,EARLIEST,48800.0,1780200.0,1829000.0,0.35588959619317284,2,0,0.0,0.0,
16060245573606360052,15299175817448032205,simulations/instances/instance_16060245573606360052.csv,1,MAX,0.8,LIMITED,AVERAGE_SCENARIO,55600.0,1831200.0,1886800.0,0.14090553220612007,9,3,-0.527203711514129,-43.75,50.0
16060245573606360052,15299175817448032205,simulations/instances/instance_16060245573606360052.csv,1,MAX,0.8,LIMITED,AVERAGE_SCENARIO,55600.0,1831200.0,1886800.0,0.14090553220612007,9,3,-0.527203711514129,-43.75,50.0
2775139937030573620,8564399043828065388,simulations/instances/instance_2775139937030573620.csv,2,AVG,0.8,LIMITED,AVERAGE_SCENARIO,62000.0,1935400.0,1997400.0,2.617727905286323,13,7,-0.6861575178997613,-27.77777777777778,40.0
2775139937030573620,8564399043828065388,simulations/instances/instance_2775139937030573620.csv,2,AVG,0.8,LIMITED,AVERAGE_SCENARIO,62000.0,1935400.0,1997400.0,2.617727905286323,13,7,-0.6861575178997613,-27.77777777777778,40.0
16060245573606360052,13675492073156552261,simulations/instances/instance_16060245573606360052.csv,5,MAX,0.8,LIMITED,AVERAGE_SCENARIO,76400.0,1836000.0,1912400.0,7.906473581540964,15,13,0.8224377899620413,-6.25,550.0
16060245573606360052,13675492073156552261,simulations/instances/instance_16060245573606360052.csv,5,MAX,0.8,LIMITED,AVERAGE_SCENARIO,76400.0,1836000.0,1912400.0,7.906473581540964,15,13,0.8224377899620413,-6.25,550.0
6096551986938506664,16083277201398653726,simulations/instances/instance_6096551986938506664.csv,5,AVG,0.8,LIMITED,EARLIEST,112000.0,1832000.0,1944000.0,12.467543576839878,23,9,0.2888980602558811,9.523809523809524,inf
6096551986938506664,16083277201398653726,simulations/instances/instance_6096551986938506664.csv,5,AVG,0.8,LIMITED,EARLIEST,112000.0,1832000.0,1944000.0,12.467543576839878,23,9,0.2888980602558811,9.523809523809524,inf
2775139937030573620,14259666792131203887,simulations/instances/instance_2775139937030573620.csv,2,MAX,0.8,LIMITED,EARLIEST,114400.0,1948800.0,2063200.0,2.9136895923452264,40,33,2.5855210819411294,122.22222222222223,560.0
2775139937030573620,14259666792131203887,simulations/instances/instance_2775139937030573620.csv,2,MAX,0.8,LIMITED,EARLIEST,114400.0,1948800.0,2063200.0,2.9136895923452264,40,33,2.5855210819411294,122.22222222222223,560.0
9707043526940373274,2326087417305283387,simulations/instances/instance_9707043526940373274.csv,5,AVG,0.8,LIMITED,EARLIEST,83600.0,1616000.0,1699600.0,10.605247795707852,20,8,0.8544979824353193,53.84615384615385,inf
9707043526940373274,2326087417305283387,simulations/instances/instance_9707043526940373274.csv,5,AVG,0.8,LIMITED,EARLIEST,83600.0,1616000.0,1699600.0,10.605247795707852,20,8,0.8544979824353193,53.84615384615385,inf
7465116319130191447,15164939032981104194,simulations/instances/instance_7465116319130191447.csv,5,AVG,0.8,LIMITED,AVERAGE_SCENARIO,64800.0,1787000.0,1851800.0,12.36437788181224,11,9,1.2465828321487151,450.0,inf
7465116319130191447,15164939032981104194,simulations/instances/instance_7465116319130191447.csv,5,AVG,0.8,LIMITED,AVERAGE_SCENARIO,64800.0,1787000.0,1851800.0,12.36437788181224,11,9,1.2465828321487151,450.0,inf
10987222697483944105,11072146122577261647,simulations/instances/instance_10987222697483944105.csv,1,MAX,0.8,LIMITED,AVERAGE_SCENARIO,70800.0,1684200.0,1755000.0,0.11384859386483984,11,0,-1.1156186612576064,-52.17391304347826,-100.0
10987222697483944105,11072146122577261647,simulations/instances/instance_10987222697483944105.csv,1,MAX,0.8,LIMITED,AVERAGE_SCENARIO,70800.0,1684200.0,1755000.0,0.11384859386483984,11,0,-1.1156186612576064,-52.17391304347826,-100.0
250111777107487511,233502359622471783,simulations/instances/instance_250111777107487511.csv,1,MAX,0.8,LIMITED,EARLIEST,64000.0,1667800.0,1731800.0,0.18478423064743424,6,0,0.39420289855072466,20.0,
250111777107487511,233502359622471783,simulations/instances/instance_250111777107487511.csv,1,MAX,0.8,LIMITED,EARLIEST,64000.0,1667800.0,1731800.0,0.18478423064743424,6,0,0.39420289855072466,20.0,
4929011461548171347,5490001372420244627,simulations/instances/instance_4929011461548171347.csv,2,MAX,0.8,LIMITED,EARLIEST,72000.0,1833400.0,1905400.0,1.0800451872671635,24,22,0.3158892281773191,26.31578947368421,inf
4929011461548171347,5490001372420244627,simulations/instances/instance_4929011461548171347.csv,2,MAX,0.8,LIMITED,EARLIEST,72000.0,1833400.0,1905400.0,1.0800451872671635,24,22,0.3158892281773191,26.31578947368421,inf
10397321157149497167,4557059906585531825,simulations/instances/instance_10397321157149497167.csv,5,MAX,0.8,LIMITED,EARLIEST,64800.0,1819200.0,1884000.0,7.442310523149491,25,18,0.7055805003207184,8.695652173913043,500.0
10397321157149497167,4557059906585531825,simulations/instances/instance_10397321157149497167.csv,5,MAX,0.8,LIMITED,EARLIEST,64800.0,1819200.0,1884000.0,7.442310523149491,25,18,0.7055805003207184,8.695652173913043,500.0
10987222697483944105,5029870835633488638,simulations/instances/instance_10987222697483944105.csv,10,MAX,0.8,LIMITED,AVERAGE_SCENARIO,97200.0,1700000.0,1797200.0,17.92178063102854,31,29,1.2621140410187062,34.78260869565217,383.33333333333337
10987222697483944105,5029870835633488638,simulations/instances/instance_10987222697483944105.csv,10,MAX,0.8,LIMITED,AVERAGE_SCENARIO,97200.0,1700000.0,1797200.0,17.92178063102854,31,29,1.2621140410187062,34.78260869565217,383.33333333333337
10397321157149497167,15921997466542228417,simulations/instances/instance_10397321157149497167.csv,2,AVG,0.8,LIMITED,AVERAGE_SCENARIO,52000.0,1808000.0,1860000.0,1.5860192514549314,15,1,-0.5772931366260423,-34.78260869565217,-66.66666666666666
10397321157149497167,15921997466542228417,simulations/instances/instance_10397321157149497167.csv,2,AVG,0.8,LIMITED,AVERAGE_SCENARIO,52000.0,1808000.0,1860000.0,1.5860192514549314,15,1,-0.5772931366260423,-34.78260869565217,-66.66666666666666
4929011461548171347,18241477697826657744,simulations/instances/instance_4929011461548171347.csv,2,AVG,0.8,LIMITED,AVERAGE_SCENARIO,53600.0,1826000.0,1879600.0,2.18267510981891,7,6,-1.0424344529851532,-63.1578947368421,inf
4929011461548171347,18241477697826657744,simulations/instances/instance_4929011461548171347.csv,2,AVG,0.8,LIMITED,AVERAGE_SCENARIO,53600.0,1826000.0,1879600.0,2.18267510981891,7,6,-1.0424344529851532,-63.1578947368421,inf
16060245573606360052,2748762589979166742,simulations/instances/instance_16060245573606360052.csv,10,MAX,0.8,LIMITED,AVERAGE_SCENARIO,128400.0,1855600.0,1984000.0,18.42619108369328,49,67,4.597216364403205,206.25,3250.0
16060245573606360052,2748762589979166742,simulations/instances/instance_16060245573606360052.csv,10,MAX,0.8,LIMITED,AVERAGE_SCENARIO,128400.0,1855600.0,1984000.0,18.42619108369328,49,67,4.597216364403205,206.25,3250.0
4929011461548171347,9104570499488148357,simulations/instances/instance_4929011461548171347.csv,5,MAX,0.8,LIMITED,AVERAGE_SCENARIO,56800.0,1833400.0,1890200.0,7.994458814012837,15,25,-0.4843634832052227,-21.052631578947366,inf
4929011461548171347,9104570499488148357,simulations/instances/instance_4929011461548171347.csv,5,MAX,0.8,LIMITED,AVERAGE_SCENARIO,56800.0,1833400.0,1890200.0,7.994458814012837,15,25,-0.4843634832052227,-21.052631578947366,inf
4929011461548171347,2198562024616009063,simulations/instances/instance_4929011461548171347.csv,5,AVG,0.8,LIMITED,AVERAGE_SCENARIO,56800.0,1829600.0,1886400.0,12.687983882910672,10,18,-0.6844266610508581,-47.368421052631575,inf
4929011461548171347,2198562024616009063,simulations/instances/instance_4929011461548171347.csv,5,AVG,0.8,LIMITED,AVERAGE_SCENARIO,56800.0,1829600.0,1886400.0,12.687983882910672,10,18,-0.6844266610508581,-47.368421052631575,inf
16060245573606360052,1347138053941036086,simulations/instances/instance_16060245573606360052.csv,1,AVG,0.8,LIMITED,AVERAGE_SCENARIO,53200.0,1830800.0,1884000.0,0.21898133463428757,9,1,-0.6748207507380852,-43.75,-50.0
16060245573606360052,1347138053941036086,simulations/instances/instance_16060245573606360052.csv,1,AVG,0.8,LIMITED,AVERAGE_SCENARIO,53200.0,1830800.0,1884000.0,0.21898133463428757,9,1,-0.6748207507380852,-43.75,-50.0
7465116319130191447,15456447448697664506,simulations/instances/instance_7465116319130191447.csv,2,AVG,0.8,LIMITED,EARLIEST,49600.0,1782200.0,1831800.0,1.5219017913534651,3,3,0.1530891197375615,50.0,inf
7465116319130191447,15456447448697664506,simulations/instances/instance_7465116319130191447.csv,2,AVG,0.8,LIMITED,EARLIEST,49600.0,1782200.0,1831800.0,1.5219017913534651,3,3,0.1530891197375615,50.0,inf
2775139937030573620,6360725365437000216,simulations/instances/instance_2775139937030573620.csv,2,AVG,0.8,LIMITED,EARLIEST,86000.0,1932600.0,2018600.0,4.102322168465978,25,2,0.36793953858393,38.88888888888889,-60.0
2775139937030573620,6360725365437000216,simulations/instances/instance_2775139937030573620.csv,2,AVG,0.8,LIMITED,EARLIEST,86000.0,1932600.0,2018600.0,4.102322168465978,25,2,0.36793953858393,38.88888888888889,-60.0
6096551986938506664,3616211599183560021,simulations/instances/instance_6096551986938506664.csv,2,AVG,0.8,LIMITED,AVERAGE_SCENARIO,92800.0,1831200.0,1924000.0,2.803180060189583,14,1,-0.7428807263722659,-33.33333333333333,inf
6096551986938506664,3616211599183560021,simulations/instances/instance_6096551986938506664.csv,2,AVG,0.8,LIMITED,AVERAGE_SCENARIO,92800.0,1831200.0,1924000.0,2.803180060189583,14,1,-0.7428807263722659,-33.33333333333333,inf
250111777107487511,275600945612292640,simulations/instances/instance_250111777107487511.csv,5,MAX,0.8,LIMITED,AVERAGE_SCENARIO,88800.0,1673600.0,1762400.0,6.951328018542138,19,13,2.1681159420289853,280.0,inf
250111777107487511,275600945612292640,simulations/instances/instance_250111777107487511.csv,5,MAX,0.8,LIMITED,AVERAGE_SCENARIO,88800.0,1673600.0,1762400.0,6.951328018542138,19,13,2.1681159420289853,280.0,inf
15681825288749210743,7305962527751135074,simulations/instances/instance_15681825288749210743.csv,10,MAX,0.8,LIMITED,EARLIEST,91600.0,1773000.0,1864600.0,12.058907776506326,18,8,0.952896589063346,50.0,inf
15681825288749210743,7305962527751135074,simulations/instances/instance_15681825288749210743.csv,10,MAX,0.8,LIMITED,EARLIEST,91600.0,1773000.0,1864600.0,12.058907776506326,18,8,0.952896589063346,50.0,inf
17870085318395153772,2548179718625788266,simulations/instances/instance_17870085318395153772.csv,2,AVG,0.8,LIMITED,EARLIEST,40400.0,1797800.0,1838200.0,1.4273222413123,8,0,-0.8201143843746628,-50.0,
17870085318395153772,2548179718625788266,simulations/instances/instance_17870085318395153772.csv,2,AVG,0.8,LIMITED,EARLIEST,40400.0,1797800.0,1838200.0,1.4273222413123,8,0,-0.8201143843746628,-50.0,
4929011461548171347,15126611626763996429,simulations/instances/instance_4929011461548171347.csv,1,MAX,0.8,LIMITED,AVERAGE_SCENARIO,68000.0,1822600.0,1890600.0,1.0480643394968097,14,1,-0.4633042013267348,-26.31578947368421,inf
4929011461548171347,15126611626763996429,simulations/instances/instance_4929011461548171347.csv,1,MAX,0.8,LIMITED,AVERAGE_SCENARIO,68000.0,1822600.0,1890600.0,1.0480643394968097,14,1,-0.4633042013267348,-26.31578947368421,inf
7465116319130191447,17660121127088729678,simulations/instances/instance_7465116319130191447.csv,2,AVG,0.8,LIMITED,AVERAGE_SCENARIO,52400.0,1782000.0,1834400.0,1.4959240324463607,3,4,0.2952433023510115,50.0,inf
7465116319130191447,17660121127088729678,simulations/instances/instance_7465116319130191447.csv,2,AVG,0.8,LIMITED,AVERAGE_SCENARIO,52400.0,1782000.0,1834400.0,1.4959240324463607,3,4,0.2952433023510115,50.0,inf
2192742545724921127,12037368874316342700,simulations/instances/instance_2192742545724921127.csv,2,MAX,0.8,LIMITED,AVERAGE_SCENARIO,85600.0,1916200.0,2001800.0,1.4787966158861845,15,0,-1.6701051183809805,-50.0,-100.0
2192742545724921127,12037368874316342700,simulations/instances/instance_2192742545724921127.csv,2,MAX,0.8,LIMITED,AVERAGE_SCENARIO,85600.0,1916200.0,2001800.0,1.4787966158861845,15,0,-1.6701051183809805,-50.0,-100.0
135224002065681560,3590681909748012733,simulations/instances/instance_135224002065681560.csv,5,MAX,0.8,LIMITED,AVERAGE_SCENARIO,39600.0,1657800.0,1697400.0,8.282327432904749,0,2,-0.41070171321286086,-100.0,inf
135224002065681560,3590681909748012733,simulations/instances/instance_135224002065681560.csv,5,MAX,0.8,LIMITED,AVERAGE_SCENARIO,39600.0,1657800.0,1697400.0,8.282327432904749,0,2,-0.41070171321286086,-100.0,inf
7465116319130191447,4787167713427862782,simulations/instances/instance_7465116319130191447.csv,2,MAX,0.8,LIMITED,AVERAGE_SCENARIO,80000.0,1802400.0,1882400.0,2.1264668397917514,21,42,2.91962821213778,950.0,inf
7465116319130191447,4787167713427862782,simulations/instances/instance_7465116319130191447.csv,2,MAX,0.8,LIMITED,AVERAGE_SCENARIO,80000.0,1802400.0,1882400.0,2.1264668397917514,21,42,2.91962821213778,950.0,inf
7465116319130191447,17931683948885691739,simulations/instances/instance_7465116319130191447.csv,0,AVG,0.8,LIMITED,AVERAGE_SCENARIO,48800.0,1780200.0,1829000.0,0.0,2,0,0.0,0.0,
7465116319130191447,17931683948885691739,simulations/instances/instance_7465116319130191447.csv,0,AVG,0.8,LIMITED,AVERAGE_SCENARIO,48800.0,1780200.0,1829000.0,0.0,2,0,0.0,0.0,
135224002065681560,6371112529297548840,simulations/instances/instance_135224002065681560.csv,5,AVG,0.8,LIMITED,EARLIEST,57200.0,1660600.0,1717800.0,10.02449178801758,10,4,0.7862004224360478,150.0,inf
135224002065681560,6371112529297548840,simulations/instances/instance_135224002065681560.csv,5,AVG,0.8,LIMITED,EARLIEST,57200.0,1660600.0,1717800.0,10.02449178801758,10,4,0.7862004224360478,150.0,inf
9707043526940373274,3907408505815373170,simulations/instances/instance_9707043526940373274.csv,2,AVG,0.8,LIMITED,AVERAGE_SCENARIO,72400.0,1611800.0,1684200.0,1.558752373937802,14,0,-0.059340137669119386,7.6923076923076925,
9707043526940373274,3907408505815373170,simulations/instances/instance_9707043526940373274.csv,2,AVG,0.8,LIMITED,AVERAGE_SCENARIO,72400.0,1611800.0,1684200.0,1.558752373937802,14,0,-0.059340137669119386,7.6923076923076925,
3616442042494646722,10958342001159987260,simulations/instances/instance_3616442042494646722.csv,1,AVG,0.8,LIMITED,EARLIEST,56000.0,1777800.0,1833800.0,0.5055800107688494,6,0,0.4491673970201578,20.0,
3616442042494646722,10958342001159987260,simulations/instances/instance_3616442042494646722.csv,1,AVG,0.8,LIMITED,EARLIEST,56000.0,1777800.0,1833800.0,0.5055800107688494,6,0,0.4491673970201578,20.0,
3616442042494646722,13704081391337685008,simulations/instances/instance_3616442042494646722.csv,2,MAX,0.8,LIMITED,AVERAGE_SCENARIO,58800.0,1784600.0,1843400.0,0.26970384113241236,11,8,0.9750219106047326,120.0,inf
3616442042494646722,13704081391337685008,simulations/instances/instance_3616442042494646722.csv,2,MAX,0.8,LIMITED,AVERAGE_SCENARIO,58800.0,1784600.0,1843400.0,0.26970384113241236,11,8,0.9750219106047326,120.0,inf
17870085318395153772,12640308200365974363,simulations/instances/instance_17870085318395153772.csv,5,AVG,0.8,LIMITED,EARLIEST,57200.0,1805200.0,1862400.0,9.368786550273725,15,14,0.48559404337973455,-6.25,inf
17870085318395153772,12640308200365974363,simulations/instances/instance_17870085318395153772.csv,5,AVG,0.8,LIMITED,EARLIEST,57200.0,1805200.0,1862400.0,9.368786550273725,15,14,0.48559404337973455,-6.25,inf
12766632818714929165,3380979932098070912,simulations/instances/instance_12766632818714929165.csv,1,MAX,0.8,LIMITED,EARLIEST,49200.0,1749200.0,1798400.0,0.38245996664578513,3,0,-1.5222867155842734,-78.57142857142857,
12766632818714929165,3380979932098070912,simulations/instances/instance_12766632818714929165.csv,1,MAX,0.8,LIMITED,EARLIEST,49200.0,1749200.0,1798400.0,0.38245996664578513,3,0,-1.5222867155842734,-78.57142857142857,
3616442042494646722,11492932174780950231,simulations/instances/instance_3616442042494646722.csv,5,AVG,0.8,LIMITED,EARLIEST,56000.0,1777800.0,1833800.0,9.876395089434636,6,2,0.4491673970201578,20.0,inf
3616442042494646722,11492932174780950231,simulations/instances/instance_3616442042494646722.csv,5,AVG,0.8,LIMITED,EARLIEST,56000.0,1777800.0,1833800.0,9.876395089434636,6,2,0.4491673970201578,20.0,inf
17870085318395153772,2092505553350626418,simulations/instances/instance_17870085318395153772.csv,5,MAX,0.8,LIMITED,EARLIEST,58400.0,1801600.0,1860000.0,6.201240061010831,15,8,0.356102298478472,-6.25,inf
17870085318395153772,2092505553350626418,simulations/instances/instance_17870085318395153772.csv,5,MAX,0.8,LIMITED,EARLIEST,58400.0,1801600.0,1860000.0,6.201240061010831,15,8,0.356102298478472,-6.25,inf
9707043526940373274,11081970895442716689,simulations/instances/instance_9707043526940373274.csv,10,MAX,0.8,LIMITED,EARLIEST,71200.0,1624600.0,1695800.0,11.898971440976382,19,16,0.6290054592926655,46.15384615384615,inf
9707043526940373274,11081970895442716689,simulations/instances/instance_9707043526940373274.csv,10,MAX,0.8,LIMITED,EARLIEST,71200.0,1624600.0,1695800.0,11.898971440976382,19,16,0.6290054592926655,46.15384615384615,inf
17870085318395153772,4751853397016853438,simulations/instances/instance_17870085318395153772.csv,2,AVG,0.8,LIMITED,AVERAGE_SCENARIO,50000.0,1798200.0,1848200.0,2.0573974363373515,12,0,-0.28056544728606886,-25.0,
17870085318395153772,4751853397016853438,simulations/instances/instance_17870085318395153772.csv,2,AVG,0.8,LIMITED,AVERAGE_SCENARIO,50000.0,1798200.0,1848200.0,2.0573974363373515,12,0,-0.28056544728606886,-25.0,
7465116319130191447,6198063162104701340,simulations/instances/instance_7465116319130191447.csv,5,MAX,0.8,LIMITED,AVERAGE_SCENARIO,66000.0,1791200.0,1857200.0,9.312397626164145,17,17,1.5418261344997266,750.0,inf
7465116319130191447,6198063162104701340,simulations/instances/instance_7465116319130191447.csv,5,MAX,0.8,LIMITED,AVERAGE_SCENARIO,66000.0,1791200.0,1857200.0,9.312397626164145,17,17,1.5418261344997266,750.0,inf
12766632818714929165,11777299797686112596,simulations/instances/instance_12766632818714929165.csv,5,MAX,0.8,LIMITED,EARLIEST,83200.0,1753200.0,1836400.0,7.935630275274799,18,8,0.5585368524805607,28.57142857142857,inf
12766632818714929165,11777299797686112596,simulations/instances/instance_12766632818714929165.csv,5,MAX,0.8,LIMITED,EARLIEST,83200.0,1753200.0,1836400.0,7.935630275274799,18,8,0.5585368524805607,28.57142857142857,inf
2775139937030573620,18322486386426270969,simulations/instances/instance_2775139937030573620.csv,1,AVG,0.8,LIMITED,AVERAGE_SCENARIO,62800.0,1932800.0,1995600.0,1.1916444763599638,13,5,-0.7756563245823389,-27.77777777777778,0.0
2775139937030573620,18322486386426270969,simulations/instances/instance_2775139937030573620.csv,1,AVG,0.8,LIMITED,AVERAGE_SCENARIO,62800.0,1932800.0,1995600.0,1.1916444763599638,13,5,-0.7756563245823389,-27.77777777777778,0.0
2192742545724921127,16879724484560134353,simulations/instances/instance_2192742545724921127.csv,2,MAX,0.8,LIMITED,EARLIEST,122400.0,1920400.0,2042800.0,2.1140427005857636,30,12,0.3438451714313783,0.0,500.0
2192742545724921127,16879724484560134353,simulations/instances/instance_2192742545724921127.csv,2,MAX,0.8,LIMITED,EARLIEST,122400.0,1920400.0,2042800.0,2.1140427005857636,30,12,0.3438451714313783,0.0,500.0
12766632818714929165,13980973476077177768,simulations/instances/instance_12766632818714929165.csv,5,MAX,0.8,LIMITED,AVERAGE_SCENARIO,76800.0,1762200.0,1839000.0,8.997331860319933,15,24,0.7009089913481547,7.142857142857142,inf
12766632818714929165,13980973476077177768,simulations/instances/instance_12766632818714929165.csv,5,MAX,0.8,LIMITED,AVERAGE_SCENARIO,76800.0,1762200.0,1839000.0,8.997331860319933,15,24,0.7009089913481547,7.142857142857142,inf
12766632818714929165,13206694989534498578,simulations/instances/instance_12766632818714929165.csv,5,AVG,0.8,LIMITED,AVERAGE_SCENARIO,67600.0,1750800.0,1818400.0,9.536594370872585,10,3,-0.42711641660278177,-28.57142857142857,inf
12766632818714929165,13206694989534498578,simulations/instances/instance_12766632818714929165.csv,5,AVG,0.8,LIMITED,AVERAGE_SCENARIO,67600.0,1750800.0,1818400.0,9.536594370872585,10,3,-0.42711641660278177,-28.57142857142857,inf
6096551986938506664,7360221396612333379,simulations/instances/instance_6096551986938506664.csv,10,AVG,0.8,LIMITED,AVERAGE_SCENARIO,131200.0,1871000.0,2002200.0,25.679004661363635,44,94,3.291374329343789,109.52380952380953,inf
6096551986938506664,7360221396612333379,simulations/instances/instance_6096551986938506664.csv,10,AVG,0.8,LIMITED,AVERAGE_SCENARIO,131200.0,1871000.0,2002200.0,25.679004661363635,44,94,3.291374329343789,109.52380952380953,inf
2775139937030573620,14828693479201572080,simulations/instances/instance_2775139937030573620.csv,5,AVG,0.8,LIMITED,AVERAGE_SCENARIO,125200.0,1957200.0,2082400.0,13.453553918464515,62,49,3.5401750198886237,244.44444444444446,880.0000000000001
2775139937030573620,14828693479201572080,simulations/instances/instance_2775139937030573620.csv,5,AVG,0.8,LIMITED,AVERAGE_SCENARIO,125200.0,1957200.0,2082400.0,13.453553918464515,62,49,3.5401750198886237,244.44444444444446,880.0000000000001
2775139937030573620,4391361983762232343,simulations/instances/instance_2775139937030573620.csv,10,AVG,0.8,LIMITED,AVERAGE_SCENARIO,132000.0,1957400.0,2089400.0,20.80436348397251,58,73,3.8882259347653143,222.22222222222223,1360.0
2775139937030573620,4391361983762232343,simulations/instances/instance_2775139937030573620.csv,10,AVG,0.8,LIMITED,AVERAGE_SCENARIO,132000.0,1957400.0,2089400.0,20.80436348397251,58,73,3.8882259347653143,222.22222222222223,1360.0
15681825288749210743,11193248152957055730,simulations/instances/instance_15681825288749210743.csv,1,AVG,0.8,LIMITED,EARLIEST,86000.0,1769400.0,1855400.0,0.7468704991253289,14,0,0.4547915538711424,16.666666666666664,
15681825288749210743,11193248152957055730,simulations/instances/instance_15681825288749210743.csv,1,AVG,0.8,LIMITED,EARLIEST,86000.0,1769400.0,1855400.0,0.7468704991253289,14,0,0.4547915538711424,16.666666666666664,
10397321157149497167,3248191246421889664,simulations/instances/instance_10397321157149497167.csv,1,AVG,0.8,LIMITED,EARLIEST,70400.0,1807600.0,1878000.0,0.6175542957358575,24,0,0.38486209108402825,4.3478260869565215,-100.0
10397321157149497167,3248191246421889664,simulations/instances/instance_10397321157149497167.csv,1,AVG,0.8,LIMITED,EARLIEST,70400.0,1807600.0,1878000.0,0.6175542957358575,24,0,0.38486209108402825,4.3478260869565215,-100.0
7465116319130191447,5844264486978930176,simulations/instances/instance_7465116319130191447.csv,10,MAX,0.8,LIMITED,EARLIEST,62400.0,1796600.0,1859000.0,16.82751627972595,13,26,1.6402405686167305,550.0,inf
7465116319130191447,5844264486978930176,simulations/instances/instance_7465116319130191447.csv,10,MAX,0.8,LIMITED,EARLIEST,62400.0,1796600.0,1859000.0,16.82751627972595,13,26,1.6402405686167305,550.0,inf
10987222697483944105,1709540207805257747,simulations/instances/instance_10987222697483944105.csv,10,AVG,0.8,LIMITED,AVERAGE_SCENARIO,87200.0,1685400.0,1772600.0,19.19107832102512,17,4,-0.12395762902862294,-26.08695652173913,-33.33333333333333
10987222697483944105,1709540207805257747,simulations/instances/instance_10987222697483944105.csv,10,AVG,0.8,LIMITED,AVERAGE_SCENARIO,87200.0,1685400.0,1772600.0,19.19107832102512,17,4,-0.12395762902862294,-26.08695652173913,-33.33333333333333
3616442042494646722,9298248470187647275,simulations/instances/instance_3616442042494646722.csv,5,AVG,0.8,LIMITED,AVERAGE_SCENARIO,55200.0,1780200.0,1835400.0,15.990770223395957,8,9,0.5368098159509203,60.0,inf
3616442042494646722,9298248470187647275,simulations/instances/instance_3616442042494646722.csv,5,AVG,0.8,LIMITED,AVERAGE_SCENARIO,55200.0,1780200.0,1835400.0,15.990770223395957,8,9,0.5368098159509203,60.0,inf
16060245573606360052,11471818394765487089,simulations/instances/instance_16060245573606360052.csv,5,MAX,0.8,LIMITED,EARLIEST,129200.0,1848800.0,1978000.0,4.809465152395841,46,31,4.280894137494728,187.5,1450.0
16060245573606360052,11471818394765487089,simulations/instances/instance_16060245573606360052.csv,5,MAX,0.8,LIMITED,EARLIEST,129200.0,1848800.0,1978000.0,4.809465152395841,46,31,4.280894137494728,187.5,1450.0
12766632818714929165,15368270081935742893,simulations/instances/instance_12766632818714929165.csv,1,AVG,0.8,LIMITED,AVERAGE_SCENARIO,59200.0,1750400.0,1809600.0,0.6305157513407517,5,0,-0.9089913481546381,-64.28571428571429,
12766632818714929165,15368270081935742893,simulations/instances/instance_12766632818714929165.csv,1,AVG,0.8,LIMITED,AVERAGE_SCENARIO,59200.0,1750400.0,1809600.0,0.6305157513407517,5,0,-0.9089913481546381,-64.28571428571429,
2775139937030573620,739475500645085638,simulations/instances/instance_2775139937030573620.csv,10,MAX,0.8,LIMITED,AVERAGE_SCENARIO,129200.0,1956400.0,2085600.0,21.609920277048484,48,80,3.699284009546539,166.66666666666669,1500.0
2775139937030573620,739475500645085638,simulations/instances/instance_2775139937030573620.csv,10,MAX,0.8,LIMITED,AVERAGE_SCENARIO,129200.0,1956400.0,2085600.0,21.609920277048484,48,80,3.699284009546539,166.66666666666669,1500.0
250111777107487511,15697036738992233656,simulations/instances/instance_250111777107487511.csv,0,AVG,0.8,LIMITED,AVERAGE_SCENARIO,56800.0,1668200.0,1725000.0,0.0,5,0,0.0,0.0,
250111777107487511,15697036738992233656,simulations/instances/instance_250111777107487511.csv,0,AVG,0.8,LIMITED,AVERAGE_SCENARIO,56800.0,1668200.0,1725000.0,0.0,5,0,0.0,0.0,
15681825288749210743,5111278823157832118,simulations/instances/instance_15681825288749210743.csv,10,MAX,0.8,LIMITED,AVERAGE_SCENARIO,98000.0,1777800.0,1875800.0,16.355531196222625,22,15,1.5592853275582024,83.33333333333334,inf
15681825288749210743,5111278823157832118,simulations/instances/instance_15681825288749210743.csv,10,MAX,0.8,LIMITED,AVERAGE_SCENARIO,98000.0,1777800.0,1875800.0,16.355531196222625,22,15,1.5592853275582024,83.33333333333334,inf
135224002065681560,1387008231356947561,simulations/instances/instance_135224002065681560.csv,5,MAX,0.8,LIMITED,EARLIEST,53600.0,1659600.0,1713200.0,7.403799610254352,10,3,0.5163107251818821,150.0,inf
135224002065681560,1387008231356947561,simulations/instances/instance_135224002065681560.csv,5,MAX,0.8,LIMITED,EARLIEST,53600.0,1659600.0,1713200.0,7.403799610254352,10,3,0.5163107251818821,150.0,inf
15681825288749210743,12502116813120697891,simulations/instances/instance_15681825288749210743.csv,5,MAX,0.8,LIMITED,EARLIEST,103200.0,1782000.0,1885200.0,4.590625589129337,21,21,2.068218733080671,75.0,inf
15681825288749210743,12502116813120697891,simulations/instances/instance_15681825288749210743.csv,5,MAX,0.8,LIMITED,EARLIEST,103200.0,1782000.0,1885200.0,4.590625589129337,21,21,2.068218733080671,75.0,inf
250111777107487511,18368546344196073092,simulations/instances/instance_250111777107487511.csv,10,MAX,0.8,LIMITED,EARLIEST,74400.0,1670600.0,1745000.0,10.442115425552398,12,11,1.1594202898550725,140.0,inf
250111777107487511,18368546344196073092,simulations/instances/instance_250111777107487511.csv,10,MAX,0.8,LIMITED,EARLIEST,74400.0,1670600.0,1745000.0,10.442115425552398,12,11,1.1594202898550725,140.0,inf
16060245573606360052,545088911588101570,simulations/instances/instance_16060245573606360052.csv,10,MAX,0.8,LIMITED,EARLIEST,94800.0,1841800.0,1936600.0,13.338949021086266,25,23,2.098270771826234,56.25,1050.0
16060245573606360052,545088911588101570,simulations/instances/instance_16060245573606360052.csv,10,MAX,0.8,LIMITED,EARLIEST,94800.0,1841800.0,1936600.0,13.338949021086266,25,23,2.098270771826234,56.25,1050.0
4929011461548171347,10994139545608892968,simulations/instances/instance_4929011461548171347.csv,10,AVG,0.8,LIMITED,EARLIEST,84400.0,1833000.0,1917400.0,15.106481203328716,33,31,0.9476676845319575,73.68421052631578,inf
4929011461548171347,10994139545608892968,simulations/instances/instance_4929011461548171347.csv,10,AVG,0.8,LIMITED,EARLIEST,84400.0,1833000.0,1917400.0,15.106481203328716,33,31,0.9476676845319575,73.68421052631578,inf
4929011461548171347,4747044404335083183,simulations/instances/instance_4929011461548171347.csv,0,AVG,0.8,LIMITED,AVERAGE_SCENARIO,77600.0,1821800.0,1899400.0,0.0,19,0,0.0,0.0,
4929011461548171347,4747044404335083183,simulations/instances/instance_4929011461548171347.csv,0,AVG,0.8,LIMITED,AVERAGE_SCENARIO,77600.0,1821800.0,1899400.0,0.0,19,0,0.0,0.0,
3616442042494646722,13800430318555872377,simulations/instances/instance_3616442042494646722.csv,2,AVG,0.8,LIMITED,AVERAGE_SCENARIO,57200.0,1777600.0,1834800.0,2.1711260858006933,7,1,0.5039439088518843,40.0,inf
3616442042494646722,13800430318555872377,simulations/instances/instance_3616442042494646722.csv,2,AVG,0.8,LIMITED,AVERAGE_SCENARIO,57200.0,1777600.0,1834800.0,2.1711260858006933,7,1,0.5039439088518843,40.0,inf
10987222697483944105,9100378197768123520,simulations/instances/instance_10987222697483944105.csv,5,AVG,0.8,LIMITED,EARLIEST,69600.0,1687600.0,1757200.0,9.049260825920761,11,7,-0.9916610322289835,-52.17391304347826,16.666666666666664
10987222697483944105,9100378197768123520,simulations/instances/instance_10987222697483944105.csv,5,AVG,0.8,LIMITED,EARLIEST,69600.0,1687600.0,1757200.0,9.049260825920761,11,7,-0.9916610322289835,-52.17391304347826,16.666666666666664
4929011461548171347,11747504671308614665,simulations/instances/instance_4929011461548171347.csv,1,AVG,0.8,LIMITED,EARLIEST,64400.0,1823200.0,1887600.0,1.5495859968332801,16,3,-0.6212488154153943,-15.789473684210526,inf
4929011461548171347,11747504671308614665,simulations/instances/instance_4929011461548171347.csv,1,AVG,0.8,LIMITED,EARLIEST,64400.0,1823200.0,1887600.0,1.5495859968332801,16,3,-0.6212488154153943,-15.789473684210526,inf
4929011461548171347,9552820966715311709,simulations/instances/instance_4929011461548171347.csv,1,AVG,0.8,LIMITED,AVERAGE_SCENARIO,74400.0,1824200.0,1898600.0,1.563980714732023,23,2,-0.04211856375697589,21.052631578947366,inf
4929011461548171347,9552820966715311709,simulations/instances/instance_4929011461548171347.csv,1,AVG,0.8,LIMITED,AVERAGE_SCENARIO,74400.0,1824200.0,1898600.0,1.563980714732023,23,2,-0.04211856375697589,21.052631578947366,inf
2775139937030573620,12625019800810506908,simulations/instances/instance_2775139937030573620.csv,5,AVG,0.8,LIMITED,EARLIEST,126000.0,1948800.0,2074800.0,13.66551251490981,50,32,3.162291169451074,177.77777777777777,540.0
2775139937030573620,12625019800810506908,simulations/instances/instance_2775139937030573620.csv,5,AVG,0.8,LIMITED,EARLIEST,126000.0,1948800.0,2074800.0,13.66551251490981,50,32,3.162291169451074,177.77777777777777,540.0
2192742545724921127,13559393856731903462,simulations/instances/instance_2192742545724921127.csv,2,AVG,0.8,LIMITED,EARLIEST,108000.0,1916400.0,2024400.0,1.9718533319957774,24,2,-0.5599764220453876,-20.0,0.0
2192742545724921127,13559393856731903462,simulations/instances/instance_2192742545724921127.csv,2,AVG,0.8,LIMITED,EARLIEST,108000.0,1916400.0,2024400.0,1.9718533319957774,24,2,-0.5599764220453876,-20.0,0.0
15681825288749210743,12508532982601386767,simulations/instances/instance_15681825288749210743.csv,2,AVG,0.8,LIMITED,EARLIEST,96000.0,1771000.0,1867000.0,1.477716028190684,19,0,1.0828370330265296,58.333333333333336,
15681825288749210743,12508532982601386767,simulations/instances/instance_15681825288749210743.csv,2,AVG,0.8,LIMITED,EARLIEST,96000.0,1771000.0,1867000.0,1.477716028190684,19,0,1.0828370330265296,58.333333333333336,
10987222697483944105,3904223912398560703,simulations/instances/instance_10987222697483944105.csv,10,AVG,0.8,LIMITED,EARLIEST,82400.0,1708400.0,1790800.0,17.44969531653001,20,55,0.901510029299076,-13.043478260869565,816.6666666666666
10987222697483944105,3904223912398560703,simulations/instances/instance_10987222697483944105.csv,10,AVG,0.8,LIMITED,EARLIEST,82400.0,1708400.0,1790800.0,17.44969531653001,20,55,0.901510029299076,-13.043478260869565,816.6666666666666
4929011461548171347,18441632419934495507,simulations/instances/instance_4929011461548171347.csv,5,AVG,0.8,LIMITED,EARLIEST,52800.0,1837400.0,1890200.0,10.852849946530862,8,31,-0.4843634832052227,-57.89473684210527,inf
4929011461548171347,18441632419934495507,simulations/instances/instance_4929011461548171347.csv,5,AVG,0.8,LIMITED,EARLIEST,52800.0,1837400.0,1890200.0,10.852849946530862,8,31,-0.4843634832052227,-57.89473684210527,inf
16060245573606360052,12632508373494863133,simulations/instances/instance_16060245573606360052.csv,0,AVG,0.8,LIMITED,AVERAGE_SCENARIO,65600.0,1831200.0,1896800.0,0.0,16,2,0.0,0.0,0.0
16060245573606360052,12632508373494863133,simulations/instances/instance_16060245573606360052.csv,0,AVG,0.8,LIMITED,AVERAGE_SCENARIO,65600.0,1831200.0,1896800.0,0.0,16,2,0.0,0.0,0.0
17870085318395153772,9431728645387600708,simulations/instances/instance_17870085318395153772.csv,1,MAX,0.8,LIMITED,AVERAGE_SCENARIO,45200.0,1798200.0,1843400.0,0.34952859760719074,10,0,-0.5395489370885939,-37.5,
17870085318395153772,9431728645387600708,simulations/instances/instance_17870085318395153772.csv,1,MAX,0.8,LIMITED,AVERAGE_SCENARIO,45200.0,1798200.0,1843400.0,0.34952859760719074,10,0,-0.5395489370885939,-37.5,
2192742545724921127,3903837986059884787,simulations/instances/instance_2192742545724921127.csv,0,AVG,0.8,LIMITED,AVERAGE_SCENARIO,119600.0,1916200.0,2035800.0,0.1235399820305479,30,2,0.0,0.0,0.0
2192742545724921127,3903837986059884787,simulations/instances/instance_2192742545724921127.csv,0,AVG,0.8,LIMITED,AVERAGE_SCENARIO,119600.0,1916200.0,2035800.0,0.1235399820305479,30,2,0.0,0.0,0.0
7465116319130191447,9202458081591354447,simulations/instances/instance_7465116319130191447.csv,1,MAX,0.8,LIMITED,AVERAGE_SCENARIO,48800.0,1780200.0,1829000.0,0.13879949285331217,2,0,0.0,0.0,
7465116319130191447,9202458081591354447,simulations/instances/instance_7465116319130191447.csv,1,MAX,0.8,LIMITED,AVERAGE_SCENARIO,48800.0,1780200.0,1829000.0,0.13879949285331217,2,0,0.0,0.0,
2192742545724921127,6238246093048301483,simulations/instances/instance_2192742545724921127.csv,1,MAX,0.8,LIMITED,EARLIEST,82000.0,1916200.0,1998200.0,0.8174984459477111,14,0,-1.8469397779742607,-53.333333333333336,-100.0
2192742545724921127,6238246093048301483,simulations/instances/instance_2192742545724921127.csv,1,MAX,0.8,LIMITED,EARLIEST,82000.0,1916200.0,1998200.0,0.8174984459477111,14,0,-1.8469397779742607,-53.333333333333336,-100.0
12766632818714929165,10658212609815424458,simulations/instances/instance_12766632818714929165.csv,10,AVG,0.8,LIMITED,AVERAGE_SCENARIO,89600.0,1767400.0,1857000.0,23.880667633589688,27,44,1.686562260431497,92.85714285714286,inf
12766632818714929165,10658212609815424458,simulations/instances/instance_12766632818714929165.csv,10,AVG,0.8,LIMITED,AVERAGE_SCENARIO,89600.0,1767400.0,1857000.0,23.880667633589688,27,44,1.686562260431497,92.85714285714286,inf
17870085318395153772,14274084255631392361,simulations/instances/instance_17870085318395153772.csv,1,MAX,0.8,LIMITED,EARLIEST,41600.0,1798000.0,1839600.0,0.4751419718420561,8,0,-0.7445775331822596,-50.0,
17870085318395153772,14274084255631392361,simulations/instances/instance_17870085318395153772.csv,1,MAX,0.8,LIMITED,EARLIEST,41600.0,1798000.0,1839600.0,0.4751419718420561,8,0,-0.7445775331822596,-50.0,
6096551986938506664,13138442457798098944,simulations/instances/instance_6096551986938506664.csv,1,MAX,0.8,LIMITED,EARLIEST,89200.0,1830000.0,1919200.0,0.6733568680059745,13,0,-0.990507635163021,-38.095238095238095,
6096551986938506664,13138442457798098944,simulations/instances/instance_6096551986938506664.csv,1,MAX,0.8,LIMITED,EARLIEST,89200.0,1830000.0,1919200.0,0.6733568680059745,13,0,-0.990507635163021,-38.095238095238095,
2192742545724921127,6057690402821884789,simulations/instances/instance_2192742545724921127.csv,5,MAX,0.8,LIMITED,EARLIEST,128400.0,1929400.0,2057800.0,6.726871420536092,37,33,1.080656253070046,23.333333333333332,1550.0
2192742545724921127,6057690402821884789,simulations/instances/instance_2192742545724921127.csv,5,MAX,0.8,LIMITED,EARLIEST,128400.0,1929400.0,2057800.0,6.726871420536092,37,33,1.080656253070046,23.333333333333332,1550.0
15681825288749210743,12301962091012860128,simulations/instances/instance_15681825288749210743.csv,2,MAX,0.8,LIMITED,AVERAGE_SCENARIO,70400.0,1768400.0,1838800.0,0.8184394341853976,7,1,-0.4439631835408771,-41.66666666666667,inf
15681825288749210743,12301962091012860128,simulations/instances/instance_15681825288749210743.csv,2,MAX,0.8,LIMITED,AVERAGE_SCENARIO,70400.0,1768400.0,1838800.0,0.8184394341853976,7,1,-0.4439631835408771,-41.66666666666667,inf
250111777107487511,10274672524154650195,simulations/instances/instance_250111777107487511.csv,2,MAX,0.8,LIMITED,EARLIEST,65200.0,1668800.0,1734000.0,0.15669319383748187,7,2,0.5217391304347827,40.0,inf
250111777107487511,10274672524154650195,simulations/instances/instance_250111777107487511.csv,2,MAX,0.8,LIMITED,EARLIEST,65200.0,1668800.0,1734000.0,0.15669319383748187,7,2,0.5217391304347827,40.0,inf
12766632818714929165,14294898953655529990,simulations/instances/instance_12766632818714929165.csv,2,MAX,0.8,LIMITED,EARLIEST,59200.0,1750000.0,1809200.0,1.0352579842826994,5,2,-0.9308947541342679,-64.28571428571429,inf
12766632818714929165,14294898953655529990,simulations/instances/instance_12766632818714929165.csv,2,MAX,0.8,LIMITED,EARLIEST,59200.0,1750000.0,1809200.0,1.0352579842826994,5,2,-0.9308947541342679,-64.28571428571429,inf
10397321157149497167,12145992673438835678,simulations/instances/instance_10397321157149497167.csv,5,AVG,0.8,LIMITED,AVERAGE_SCENARIO,74000.0,1816600.0,1890600.0,12.741130737084886,27,17,1.0583707504810775,17.391304347826086,466.6666666666667
10397321157149497167,12145992673438835678,simulations/instances/instance_10397321157149497167.csv,5,AVG,0.8,LIMITED,AVERAGE_SCENARIO,74000.0,1816600.0,1890600.0,12.741130737084886,27,17,1.0583707504810775,17.391304347826086,466.6666666666667
250111777107487511,10000835401802893268,simulations/instances/instance_250111777107487511.csv,2,AVG,0.8,LIMITED,AVERAGE_SCENARIO,71200.0,1668400.0,1739600.0,1.0939385043066912,10,3,0.8463768115942029,100.0,inf
250111777107487511,10000835401802893268,simulations/instances/instance_250111777107487511.csv,2,AVG,0.8,LIMITED,AVERAGE_SCENARIO,71200.0,1668400.0,1739600.0,1.0939385043066912,10,3,0.8463768115942029,100.0,inf
7465116319130191447,12961265354590039022,simulations/instances/instance_7465116319130191447.csv,5,AVG,0.8,LIMITED,EARLIEST,58400.0,1795600.0,1854000.0,8.8474371862647,10,21,1.366867140513942,400.0,inf
7465116319130191447,12961265354590039022,simulations/instances/instance_7465116319130191447.csv,5,AVG,0.8,LIMITED,EARLIEST,58400.0,1795600.0,1854000.0,8.8474371862647,10,21,1.366867140513942,400.0,inf
12766632818714929165,18049050599778290231,simulations/instances/instance_12766632818714929165.csv,5,AVG,0.8,LIMITED,EARLIEST,83600.0,1755200.0,1838800.0,10.600431958155184,19,13,0.6899572883583397,35.714285714285715,inf
12766632818714929165,18049050599778290231,simulations/instances/instance_12766632818714929165.csv,5,AVG,0.8,LIMITED,EARLIEST,83600.0,1755200.0,1838800.0,10.600431958155184,19,13,0.6899572883583397,35.714285714285715,inf
15681825288749210743,10038728236735696631,simulations/instances/instance_15681825288749210743.csv,10,AVG,0.8,LIMITED,EARLIEST,96800.0,1779400.0,1876200.0,18.179111538300873,24,22,1.5809420682187332,100.0,inf
15681825288749210743,10038728236735696631,simulations/instances/instance_15681825288749210743.csv,10,AVG,0.8,LIMITED,EARLIEST,96800.0,1779400.0,1876200.0,18.179111538300873,24,22,1.5809420682187332,100.0,inf
16060245573606360052,15621716003640033638,simulations/instances/instance_16060245573606360052.csv,10,AVG,0.8,LIMITED,AVERAGE_SCENARIO,105200.0,1854200.0,1959400.0,19.550134619554335,35,66,3.300295234078448,118.75,3200.0
16060245573606360052,15621716003640033638,simulations/instances/instance_16060245573606360052.csv,10,AVG,0.8,LIMITED,AVERAGE_SCENARIO,105200.0,1854200.0,1959400.0,19.550134619554335,35,66,3.300295234078448,118.75,3200.0
9707043526940373274,877636238086784715,simulations/instances/instance_9707043526940373274.csv,1,AVG,0.8,LIMITED,AVERAGE_SCENARIO,62800.0,1612200.0,1675000.0,0.40457203296458805,10,2,-0.6052694042250178,-23.076923076923077,inf
9707043526940373274,877636238086784715,simulations/instances/instance_9707043526940373274.csv,1,AVG,0.8,LIMITED,AVERAGE_SCENARIO,62800.0,1612200.0,1675000.0,0.40457203296458805,10,2,-0.6052694042250178,-23.076923076923077,inf
17870085318395153772,15696894016816386381,simulations/instances/instance_17870085318395153772.csv,5,MAX,0.8,LIMITED,AVERAGE_SCENARIO,73200.0,1807000.0,1880200.0,12.264269004482102,22,26,1.4459911513974317,37.5,inf
17870085318395153772,15696894016816386381,simulations/instances/instance_17870085318395153772.csv,5,MAX,0.8,LIMITED,AVERAGE_SCENARIO,73200.0,1807000.0,1880200.0,12.264269004482102,22,26,1.4459911513974317,37.5,inf
15681825288749210743,4339430575048675347,simulations/instances/instance_15681825288749210743.csv,5,AVG,0.8,LIMITED,AVERAGE_SCENARIO,86400.0,1770000.0,1856400.0,10.72689435631081,14,1,0.5089334055224689,16.666666666666664,inf
15681825288749210743,4339430575048675347,simulations/instances/instance_15681825288749210743.csv,5,AVG,0.8,LIMITED,AVERAGE_SCENARIO,86400.0,1770000.0,1856400.0,10.72689435631081,14,1,0.5089334055224689,16.666666666666664,inf
16060245573606360052,11720921668452122298,simulations/instances/instance_16060245573606360052.csv,2,MAX,0.8,LIMITED,AVERAGE_SCENARIO,61600.0,1830800.0,1892400.0,1.473237536562216,12,2,-0.2319696330662168,-25.0,0.0
16060245573606360052,11720921668452122298,simulations/instances/instance_16060245573606360052.csv,2,MAX,0.8,LIMITED,AVERAGE_SCENARIO,61600.0,1830800.0,1892400.0,1.473237536562216,12,2,-0.2319696330662168,-25.0,0.0
2192742545724921127,13577704993354050886,simulations/instances/instance_2192742545724921127.csv,10,MAX,0.8,LIMITED,EARLIEST,153200.0,1934200.0,2087400.0,15.659081345032229,57,46,2.534630120837017,90.0,2200.0
2192742545724921127,13577704993354050886,simulations/instances/instance_2192742545724921127.csv,10,MAX,0.8,LIMITED,EARLIEST,153200.0,1934200.0,2087400.0,15.659081345032229,57,46,2.534630120837017,90.0,2200.0
135224002065681560,5364254811955840970,simulations/instances/instance_135224002065681560.csv,10,AVG,0.8,LIMITED,AVERAGE_SCENARIO,74000.0,1681600.0,1755600.0,23.651943767170795,23,61,3.0039896737854965,475.0,inf
135224002065681560,5364254811955840970,simulations/instances/instance_135224002065681560.csv,10,AVG,0.8,LIMITED,AVERAGE_SCENARIO,74000.0,1681600.0,1755600.0,23.651943767170795,23,61,3.0039896737854965,475.0,inf
4929011461548171347,13946926109731940010,simulations/instances/instance_4929011461548171347.csv,5,MAX,0.8,LIMITED,EARLIEST,80400.0,1830000.0,1910400.0,7.417901780423007,26,13,0.5791302516584185,36.84210526315789,inf
4929011461548171347,13946926109731940010,simulations/instances/instance_4929011461548171347.csv,5,MAX,0.8,LIMITED,EARLIEST,80400.0,1830000.0,1910400.0,7.417901780423007,26,13,0.5791302516584185,36.84210526315789,inf
15681825288749210743,14171200317890800092,simulations/instances/instance_15681825288749210743.csv,1,MAX,0.8,LIMITED,AVERAGE_SCENARIO,92000.0,1769800.0,1861800.0,0.9084467623009962,15,2,0.8012994044396319,25.0,inf
15681825288749210743,14171200317890800092,simulations/instances/instance_15681825288749210743.csv,1,MAX,0.8,LIMITED,AVERAGE_SCENARIO,92000.0,1769800.0,1861800.0,0.9084467623009962,15,2,0.8012994044396319,25.0,inf
3616442042494646722,8763658296566684304,simulations/instances/instance_3616442042494646722.csv,1,AVG,0.8,LIMITED,AVERAGE_SCENARIO,46400.0,1777800.0,1824200.0,0.15481812221584956,2,0,-0.07668711656441718,-60.0,
3616442042494646722,8763658296566684304,simulations/instances/instance_3616442042494646722.csv,1,AVG,0.8,LIMITED,AVERAGE_SCENARIO,46400.0,1777800.0,1824200.0,0.15481812221584956,2,0,-0.07668711656441718,-60.0,
6096551986938506664,5156547718221268207,simulations/instances/instance_6096551986938506664.csv,10,AVG,0.8,LIMITED,EARLIEST,127600.0,1835400.0,1963000.0,18.710900423690248,33,9,1.2690879075526207,57.14285714285714,inf
6096551986938506664,5156547718221268207,simulations/instances/instance_6096551986938506664.csv,10,AVG,0.8,LIMITED,EARLIEST,127600.0,1835400.0,1963000.0,18.710900423690248,33,9,1.2690879075526207,57.14285714285714,inf
250111777107487511,14843191012046684921,simulations/instances/instance_250111777107487511.csv,2,AVG,0.8,LIMITED,EARLIEST,56800.0,1667800.0,1724600.0,1.6972275804150954,4,0,-0.02318840579710145,-20.0,
250111777107487511,14843191012046684921,simulations/instances/instance_250111777107487511.csv,2,AVG,0.8,LIMITED,EARLIEST,56800.0,1667800.0,1724600.0,1.6972275804150954,4,0,-0.02318840579710145,-20.0,
10397321157149497167,18161448370051291788,simulations/instances/instance_10397321157149497167.csv,5,MAX,0.8,LIMITED,AVERAGE_SCENARIO,93600.0,1817800.0,1911400.0,12.384269968649708,47,30,2.1701945691682702,104.34782608695652,900.0
10397321157149497167,18161448370051291788,simulations/instances/instance_10397321157149497167.csv,5,MAX,0.8,LIMITED,AVERAGE_SCENARIO,93600.0,1817800.0,1911400.0,12.384269968649708,47,30,2.1701945691682702,104.34782608695652,900.0
2775139937030573620,16118812708035205797,simulations/instances/instance_2775139937030573620.csv,1,AVG,0.8,LIMITED,EARLIEST,90400.0,1933600.0,2024000.0,2.663561161870361,24,6,0.6364359586316627,33.33333333333333,20.0
2775139937030573620,16118812708035205797,simulations/instances/instance_2775139937030573620.csv,1,AVG,0.8,LIMITED,EARLIEST,90400.0,1933600.0,2024000.0,2.663561161870361,24,6,0.6364359586316627,33.33333333333333,20.0
9707043526940373274,17231416159473696506,simulations/instances/instance_9707043526940373274.csv,10,AVG,0.8,LIMITED,EARLIEST,97600.0,1634400.0,1732000.0,21.54908085419233,35,43,2.7771184429147873,169.23076923076923,inf
9707043526940373274,17231416159473696506,simulations/instances/instance_9707043526940373274.csv,10,AVG,0.8,LIMITED,EARLIEST,97600.0,1634400.0,1732000.0,21.54908085419233,35,43,2.7771184429147873,169.23076923076923,inf
10987222697483944105,13266829827170564603,simulations/instances/instance_10987222697483944105.csv,1,MAX,0.8,LIMITED,EARLIEST,70000.0,1684200.0,1754200.0,0.39135884509514074,8,0,-1.1606941627225602,-65.21739130434783,-100.0
10987222697483944105,13266829827170564603,simulations/instances/instance_10987222697483944105.csv,1,MAX,0.8,LIMITED,EARLIEST,70000.0,1684200.0,1754200.0,0.39135884509514074,8,0,-1.1606941627225602,-65.21739130434783,-100.0
6096551986938506664,6232433982925959650,simulations/instances/instance_6096551986938506664.csv,1,AVG,0.8,LIMITED,EARLIEST,74800.0,1830200.0,1905000.0,0.401747173988965,6,0,-1.7230705736690055,-71.42857142857143,
6096551986938506664,6232433982925959650,simulations/instances/instance_6096551986938506664.csv,1,AVG,0.8,LIMITED,EARLIEST,74800.0,1830200.0,1905000.0,0.401747173988965,6,0,-1.7230705736690055,-71.42857142857143,
10397321157149497167,5451864924812954836,simulations/instances/instance_10397321157149497167.csv,1,AVG,0.8,LIMITED,AVERAGE_SCENARIO,44400.0,1806800.0,1851200.0,0.0,13,0,-1.0476801368398547,-43.47826086956522,-100.0
10397321157149497167,5451864924812954836,simulations/instances/instance_10397321157149497167.csv,1,AVG,0.8,LIMITED,AVERAGE_SCENARIO,44400.0,1806800.0,1851200.0,0.0,13,0,-1.0476801368398547,-43.47826086956522,-100.0
2192742545724921127,17598426001659297111,simulations/instances/instance_2192742545724921127.csv,5,AVG,0.8,LIMITED,EARLIEST,98000.0,1918000.0,2016000.0,7.049419379585192,20,4,-0.9725906277630416,-33.33333333333333,100.0
2192742545724921127,17598426001659297111,simulations/instances/instance_2192742545724921127.csv,5,AVG,0.8,LIMITED,EARLIEST,98000.0,1918000.0,2016000.0,7.049419379585192,20,4,-0.9725906277630416,-33.33333333333333,100.0
4929011461548171347,7693675050811309799,simulations/instances/instance_4929011461548171347.csv,2,MAX,0.8,LIMITED,AVERAGE_SCENARIO,92800.0,1823400.0,1916200.0,2.1775299827161136,37,1,0.8844898388964937,94.73684210526315,inf
4929011461548171347,7693675050811309799,simulations/instances/instance_4929011461548171347.csv,2,MAX,0.8,LIMITED,AVERAGE_SCENARIO,92800.0,1823400.0,1916200.0,2.1775299827161136,37,1,0.8844898388964937,94.73684210526315,inf
6096551986938506664,6548764003638682126,simulations/instances/instance_6096551986938506664.csv,2,MAX,0.8,LIMITED,AVERAGE_SCENARIO,92400.0,1831600.0,1924000.0,1.1529989256394597,14,2,-0.7428807263722659,-33.33333333333333,inf
6096551986938506664,6548764003638682126,simulations/instances/instance_6096551986938506664.csv,2,MAX,0.8,LIMITED,AVERAGE_SCENARIO,92400.0,1831600.0,1924000.0,1.1529989256394597,14,2,-0.7428807263722659,-33.33333333333333,inf
12766632818714929165,16985368395563830875,simulations/instances/instance_12766632818714929165.csv,1,MAX,0.8,LIMITED,AVERAGE_SCENARIO,56400.0,1749400.0,1805800.0,0.4666553944635448,3,0,-1.1170737049611215,-78.57142857142857,
12766632818714929165,16985368395563830875,simulations/instances/instance_12766632818714929165.csv,1,MAX,0.8,LIMITED,AVERAGE_SCENARIO,56400.0,1749400.0,1805800.0,0.4666553944635448,3,0,-1.1170737049611215,-78.57142857142857,
10987222697483944105,2225645485021796901,simulations/instances/instance_10987222697483944105.csv,0,AVG,0.8,LIMITED,AVERAGE_SCENARIO,87600.0,1687200.0,1774800.0,0.08473140145738037,23,6,0.0,0.0,0.0
10987222697483944105,2225645485021796901,simulations/instances/instance_10987222697483944105.csv,0,AVG,0.8,LIMITED,AVERAGE_SCENARIO,87600.0,1687200.0,1774800.0,0.08473140145738037,23,6,0.0,0.0,0.0
7465116319130191447,3994389483713636168,simulations/instances/instance_7465116319130191447.csv,5,MAX,0.8,LIMITED,EARLIEST,59600.0,1790800.0,1850400.0,9.185107531509894,13,13,1.1700382722799343,550.0,inf
7465116319130191447,3994389483713636168,simulations/instances/instance_7465116319130191447.csv,5,MAX,0.8,LIMITED,EARLIEST,59600.0,1790800.0,1850400.0,9.185107531509894,13,13,1.1700382722799343,550.0,inf
2192742545724921127,14917645483816749773,simulations/instances/instance_2192742545724921127.csv,1,AVG,0.8,LIMITED,AVERAGE_SCENARIO,104000.0,1919000.0,2023000.0,1.1610638350913087,21,6,-0.6287454563316632,-30.0,200.0
2192742545724921127,14917645483816749773,simulations/instances/instance_2192742545724921127.csv,1,AVG,0.8,LIMITED,AVERAGE_SCENARIO,104000.0,1919000.0,2023000.0,1.1610638350913087,21,6,-0.6287454563316632,-30.0,200.0
17870085318395153772,5868510346454019157,simulations/instances/instance_17870085318395153772.csv,2,MAX,0.8,LIMITED,EARLIEST,46400.0,1797800.0,1844200.0,0.7457809656104515,10,0,-0.4963850221215064,-37.5,
17870085318395153772,5868510346454019157,simulations/instances/instance_17870085318395153772.csv,2,MAX,0.8,LIMITED,EARLIEST,46400.0,1797800.0,1844200.0,0.7457809656104515,10,0,-0.4963850221215064,-37.5,
9707043526940373274,15211774363671880592,simulations/instances/instance_9707043526940373274.csv,2,MAX,0.8,LIMITED,AVERAGE_SCENARIO,79600.0,1621000.0,1700600.0,1.5392862507354383,20,13,0.9138381201044387,53.84615384615385,inf
9707043526940373274,15211774363671880592,simulations/instances/instance_9707043526940373274.csv,2,MAX,0.8,LIMITED,AVERAGE_SCENARIO,79600.0,1621000.0,1700600.0,1.5392862507354383,20,13,0.9138381201044387,53.84615384615385,inf
2775139937030573620,5449532972765404073,simulations/instances/instance_2775139937030573620.csv,1,MAX,0.8,LIMITED,AVERAGE_SCENARIO,66400.0,1932000.0,1998400.0,0.9273323314717784,15,5,-0.6364359586316627,-16.666666666666664,0.0
2775139937030573620,5449532972765404073,simulations/instances/instance_2775139937030573620.csv,1,MAX,0.8,LIMITED,AVERAGE_SCENARIO,66400.0,1932000.0,1998400.0,0.9273323314717784,15,5,-0.6364359586316627,-16.666666666666664,0.0
2775139937030573620,3245859294374338901,simulations/instances/instance_2775139937030573620.csv,1,MAX,0.8,LIMITED,EARLIEST,77200.0,1932800.0,2010000.0,2.4986478271658337,19,3,-0.05966587112171838,5.555555555555555,-40.0
2775139937030573620,3245859294374338901,simulations/instances/instance_2775139937030573620.csv,1,MAX,0.8,LIMITED,EARLIEST,77200.0,1932800.0,2010000.0,2.4986478271658337,19,3,-0.05966587112171838,5.555555555555555,-40.0
10987222697483944105,4258022587524331867,simulations/instances/instance_10987222697483944105.csv,5,AVG,0.8,LIMITED,AVERAGE_SCENARIO,82000.0,1691200.0,1773200.0,9.08219903970477,15,11,-0.0901510029299076,-34.78260869565217,83.33333333333334
10987222697483944105,4258022587524331867,simulations/instances/instance_10987222697483944105.csv,5,AVG,0.8,LIMITED,AVERAGE_SCENARIO,82000.0,1691200.0,1773200.0,9.08219903970477,15,11,-0.0901510029299076,-34.78260869565217,83.33333333333334
4929011461548171347,16037804019435592572,simulations/instances/instance_4929011461548171347.csv,2,AVG,0.8,LIMITED,EARLIEST,60800.0,1825200.0,1886000.0,1.8894838099504394,12,5,-0.7054859429293461,-36.84210526315789,inf
4929011461548171347,16037804019435592572,simulations/instances/instance_4929011461548171347.csv,2,AVG,0.8,LIMITED,EARLIEST,60800.0,1825200.0,1886000.0,1.8894838099504394,12,5,-0.7054859429293461,-36.84210526315789,inf
250111777107487511,4770307255814848137,simulations/instances/instance_250111777107487511.csv,5,AVG,0.8,LIMITED,AVERAGE_SCENARIO,76000.0,1668600.0,1744600.0,6.288651160658746,10,3,1.136231884057971,100.0,inf
250111777107487511,4770307255814848137,simulations/instances/instance_250111777107487511.csv,5,AVG,0.8,LIMITED,AVERAGE_SCENARIO,76000.0,1668600.0,1744600.0,6.288651160658746,10,3,1.136231884057971,100.0,inf
250111777107487511,2470284650205595596,simulations/instances/instance_250111777107487511.csv,5,MAX,0.8,LIMITED,EARLIEST,60000.0,1669800.0,1729800.0,4.408700023327986,7,7,0.2782608695652174,40.0,inf
250111777107487511,2470284650205595596,simulations/instances/instance_250111777107487511.csv,5,MAX,0.8,LIMITED,EARLIEST,60000.0,1669800.0,1729800.0,4.408700023327986,7,7,0.2782608695652174,40.0,inf
12766632818714929165,3378311319172131354,simulations/instances/instance_12766632818714929165.csv,2,AVG,0.8,LIMITED,EARLIEST,45600.0,1749000.0,1794600.0,1.8836813660620817,0,0,-1.730369072390757,-100.0,
12766632818714929165,3378311319172131354,simulations/instances/instance_12766632818714929165.csv,2,AVG,0.8,LIMITED,EARLIEST,45600.0,1749000.0,1794600.0,1.8836813660620817,0,0,-1.730369072390757,-100.0,
4929011461548171347,12922937948372931257,simulations/instances/instance_4929011461548171347.csv,1,MAX,0.8,LIMITED,EARLIEST,88800.0,1822000.0,1910800.0,0.8884982374499861,25,0,0.6001895335369064,31.57894736842105,
4929011461548171347,12922937948372931257,simulations/instances/instance_4929011461548171347.csv,1,MAX,0.8,LIMITED,EARLIEST,88800.0,1822000.0,1910800.0,0.8884982374499861,25,0,0.6001895335369064,31.57894736842105,
10987222697483944105,18210060351031327986,simulations/instances/instance_10987222697483944105.csv,5,MAX,0.8,LIMITED,AVERAGE_SCENARIO,107200.0,1688600.0,1795800.0,8.247493160001914,27,4,1.183231913455037,17.391304347826086,-33.33333333333333
10987222697483944105,18210060351031327986,simulations/instances/instance_10987222697483944105.csv,5,MAX,0.8,LIMITED,AVERAGE_SCENARIO,107200.0,1688600.0,1795800.0,8.247493160001914,27,4,1.183231913455037,17.391304347826086,-33.33333333333333
10987222697483944105,17835348315062599329,simulations/instances/instance_10987222697483944105.csv,1,AVG,0.8,LIMITED,EARLIEST,83200.0,1684600.0,1767800.0,0.6239314675816334,14,0,-0.3944106378183457,-39.130434782608695,-100.0
10987222697483944105,17835348315062599329,simulations/instances/instance_10987222697483944105.csv,1,AVG,0.8,LIMITED,EARLIEST,83200.0,1684600.0,1767800.0,0.6239314675816334,14,0,-0.3944106378183457,-39.130434782608695,-100.0
135224002065681560,16604909772711578711,simulations/instances/instance_135224002065681560.csv,2,AVG,0.8,LIMITED,EARLIEST,58400.0,1658400.0,1716800.0,2.5412575764566077,11,0,0.7275287491199249,175.0,
135224002065681560,16604909772711578711,simulations/instances/instance_135224002065681560.csv,2,AVG,0.8,LIMITED,EARLIEST,58400.0,1658400.0,1716800.0,2.5412575764566077,11,0,0.7275287491199249,175.0,
2775139937030573620,4985882926130212880,simulations/instances/instance_2775139937030573620.csv,0,AVG,0.8,LIMITED,AVERAGE_SCENARIO,78400.0,1932800.0,2011200.0,0.6356123656226016,18,5,0.0,0.0,0.0
2775139937030573620,4985882926130212880,simulations/instances/instance_2775139937030573620.csv,0,AVG,0.8,LIMITED,AVERAGE_SCENARIO,78400.0,1932800.0,2011200.0,0.6356123656226016,18,5,0.0,0.0,0.0
10987222697483944105,7224554540226791594,simulations/instances/instance_10987222697483944105.csv,10,MAX,0.8,LIMITED,EARLIEST,89200.0,1695800.0,1785000.0,12.99784348116256,22,29,0.5747126436781609,-4.3478260869565215,383.33333333333337
10987222697483944105,7224554540226791594,simulations/instances/instance_10987222697483944105.csv,10,MAX,0.8,LIMITED,EARLIEST,89200.0,1695800.0,1785000.0,12.99784348116256,22,29,0.5747126436781609,-4.3478260869565215,383.33333333333337
135224002065681560,8574786207688614012,simulations/instances/instance_135224002065681560.csv,5,AVG,0.8,LIMITED,AVERAGE_SCENARIO,54800.0,1658600.0,1713400.0,13.591954898019967,9,3,0.5280450598451069,125.0,inf
135224002065681560,8574786207688614012,simulations/instances/instance_135224002065681560.csv,5,AVG,0.8,LIMITED,AVERAGE_SCENARIO,54800.0,1658600.0,1713400.0,13.591954898019967,9,3,0.5280450598451069,125.0,inf
250111777107487511,13526190733952281439,simulations/instances/instance_250111777107487511.csv,10,MAX,0.8,LIMITED,AVERAGE_SCENARIO,97600.0,1677800.0,1775400.0,10.53762578623382,25,19,2.9217391304347826,400.0,inf
250111777107487511,13526190733952281439,simulations/instances/instance_250111777107487511.csv,10,MAX,0.8,LIMITED,AVERAGE_SCENARIO,97600.0,1677800.0,1775400.0,10.53762578623382,25,19,2.9217391304347826,400.0,inf
2192742545724921127,8717038246488111809,simulations/instances/instance_2192742545724921127.csv,2,AVG,0.8,LIMITED,AVERAGE_SCENARIO,88000.0,1916400.0,2004400.0,2.4686707178825564,15,0,-1.5423911975636113,-50.0,-100.0
2192742545724921127,8717038246488111809,simulations/instances/instance_2192742545724921127.csv,2,AVG,0.8,LIMITED,AVERAGE_SCENARIO,88000.0,1916400.0,2004400.0,2.4686707178825564,15,0,-1.5423911975636113,-50.0,-100.0
17870085318395153772,7797952590122182710,simulations/instances/instance_17870085318395153772.csv,5,AVG,0.8,LIMITED,AVERAGE_SCENARIO,51200.0,1798600.0,1849800.0,13.297683052730774,12,3,-0.19423761735189382,-25.0,inf
17870085318395153772,7797952590122182710,simulations/instances/instance_17870085318395153772.csv,5,AVG,0.8,LIMITED,AVERAGE_SCENARIO,51200.0,1798600.0,1849800.0,13.297683052730774,12,3,-0.19423761735189382,-25.0,inf
9707043526940373274,1841257902214556908,simulations/instances/instance_9707043526940373274.csv,10,MAX,0.8,LIMITED,AVERAGE_SCENARIO,128000.0,1619000.0,1747000.0,13.91332226422872,43,7,3.667220507951578,230.76923076923075,inf
9707043526940373274,1841257902214556908,simulations/instances/instance_9707043526940373274.csv,10,MAX,0.8,LIMITED,AVERAGE_SCENARIO,128000.0,1619000.0,1747000.0,13.91332226422872,43,7,3.667220507951578,230.76923076923075,inf
10987222697483944105,1592277919744112885,simulations/instances/instance_10987222697483944105.csv,1,AVG,0.8,LIMITED,AVERAGE_SCENARIO,75600.0,1686000.0,1761600.0,0.537178857823054,14,4,-0.7437457741717377,-39.130434782608695,-33.33333333333333
10987222697483944105,1592277919744112885,simulations/instances/instance_10987222697483944105.csv,1,AVG,0.8,LIMITED,AVERAGE_SCENARIO,75600.0,1686000.0,1761600.0,0.537178857823054,14,4,-0.7437457741717377,-39.130434782608695,-33.33333333333333
6096551986938506664,3160537433908398173,simulations/instances/instance_6096551986938506664.csv,5,MAX,0.8,LIMITED,AVERAGE_SCENARIO,98800.0,1839400.0,1938200.0,9.573036136519187,21,13,-0.01031778786628147,0.0,inf
6096551986938506664,3160537433908398173,simulations/instances/instance_6096551986938506664.csv,5,MAX,0.8,LIMITED,AVERAGE_SCENARIO,98800.0,1839400.0,1938200.0,9.573036136519187,21,13,-0.01031778786628147,0.0,inf
2775139937030573620,8130313490607951411,simulations/instances/instance_2775139937030573620.csv,5,MAX,0.8,LIMITED,EARLIEST,152400.0,1965000.0,2117400.0,8.211078078426551,92,69,5.280429594272077,411.1111111111111,1280.0
2775139937030573620,8130313490607951411,simulations/instances/instance_2775139937030573620.csv,5,MAX,0.8,LIMITED,EARLIEST,152400.0,1965000.0,2117400.0,8.211078078426551,92,69,5.280429594272077,411.1111111111111,1280.0
15681825288749210743,14712206660992451939,simulations/instances/instance_15681825288749210743.csv,2,AVG,0.8,LIMITED,AVERAGE_SCENARIO,82400.0,1769600.0,1852000.0,1.7725692591840314,11,0,0.2707092582566324,-8.333333333333332,
15681825288749210743,14712206660992451939,simulations/instances/instance_15681825288749210743.csv,2,AVG,0.8,LIMITED,AVERAGE_SCENARIO,82400.0,1769600.0,1852000.0,1.7725692591840314,11,0,0.2707092582566324,-8.333333333333332,
12766632818714929165,13164596403544677721,simulations/instances/instance_12766632818714929165.csv,1,AVG,0.8,LIMITED,EARLIEST,51200.0,1749600.0,1800800.0,0.36634918256554966,3,0,-1.3908662797064943,-78.57142857142857,
12766632818714929165,13164596403544677721,simulations/instances/instance_12766632818714929165.csv,1,AVG,0.8,LIMITED,EARLIEST,51200.0,1749600.0,1800800.0,0.36634918256554966,3,0,-1.3908662797064943,-78.57142857142857,
10987222697483944105,6656855754413769982,simulations/instances/instance_10987222697483944105.csv,2,MAX,0.8,LIMITED,AVERAGE_SCENARIO,73600.0,1684200.0,1757800.0,0.9183364714832666,10,0,-0.9578544061302682,-56.52173913043478,-100.0
10987222697483944105,6656855754413769982,simulations/instances/instance_10987222697483944105.csv,2,MAX,0.8,LIMITED,AVERAGE_SCENARIO,73600.0,1684200.0,1757800.0,0.9183364714832666,10,0,-0.9578544061302682,-56.52173913043478,-100.0
2192742545724921127,8261364081212949961,simulations/instances/instance_2192742545724921127.csv,5,MAX,0.8,LIMITED,AVERAGE_SCENARIO,137600.0,1921400.0,2059000.0,9.36881979305016,41,14,1.1396011396011396,36.666666666666664,600.0
2192742545724921127,8261364081212949961,simulations/instances/instance_2192742545724921127.csv,5,MAX,0.8,LIMITED,AVERAGE_SCENARIO,137600.0,1921400.0,2059000.0,9.36881979305016,41,14,1.1396011396011396,36.666666666666664,600.0
250111777107487511,9967332477239689935,simulations/instances/instance_250111777107487511.csv,1,AVG,0.8,LIMITED,AVERAGE_SCENARIO,68800.0,1668400.0,1737200.0,0.24024276164707137,8,1,0.7072463768115942,60.0,inf
250111777107487511,9967332477239689935,simulations/instances/instance_250111777107487511.csv,1,AVG,0.8,LIMITED,AVERAGE_SCENARIO,68800.0,1668400.0,1737200.0,0.24024276164707137,8,1,0.7072463768115942,60.0,inf
15681825288749210743,14705790491511763063,simulations/instances/instance_15681825288749210743.csv,5,MAX,0.8,LIMITED,AVERAGE_SCENARIO,81200.0,1772200.0,1853400.0,6.920516021022327,13,6,0.34650785056848943,8.333333333333332,inf
15681825288749210743,14705790491511763063,simulations/instances/instance_15681825288749210743.csv,5,MAX,0.8,LIMITED,AVERAGE_SCENARIO,81200.0,1772200.0,1853400.0,6.920516021022327,13,6,0.34650785056848943,8.333333333333332,inf
2192742545724921127,8441919771439366655,simulations/instances/instance_2192742545724921127.csv,1,MAX,0.8,LIMITED,AVERAGE_SCENARIO,97600.0,1916600.0,2014200.0,0.46646645926475294,20,1,-1.0610079575596816,-33.33333333333333,-50.0
2192742545724921127,8441919771439366655,simulations/instances/instance_2192742545724921127.csv,1,MAX,0.8,LIMITED,AVERAGE_SCENARIO,97600.0,1916600.0,2014200.0,0.46646645926475294,20,1,-1.0610079575596816,-33.33333333333333,-50.0
3616442042494646722,11500407712946619836,simulations/instances/instance_3616442042494646722.csv,2,MAX,0.8,LIMITED,EARLIEST,47600.0,1777600.0,1825200.0,1.7487807328053615,4,0,-0.021910604732690624,-20.0,
3616442042494646722,11500407712946619836,simulations/instances/instance_3616442042494646722.csv,2,MAX,0.8,LIMITED,EARLIEST,47600.0,1777600.0,1825200.0,1.7487807328053615,4,0,-0.021910604732690624,-20.0,
250111777107487511,12478346202545715367,simulations/instances/instance_250111777107487511.csv,2,MAX,0.8,LIMITED,AVERAGE_SCENARIO,70800.0,1669800.0,1740600.0,1.9201272782633052,13,4,0.9043478260869564,160.0,inf
250111777107487511,12478346202545715367,simulations/instances/instance_250111777107487511.csv,2,MAX,0.8,LIMITED,AVERAGE_SCENARIO,70800.0,1669800.0,1740600.0,1.9201272782633052,13,4,0.9043478260869564,160.0,inf
12766632818714929165,5054185960427370209,simulations/instances/instance_12766632818714929165.csv,2,MAX,0.8,LIMITED,AVERAGE_SCENARIO,77600.0,1750000.0,1827600.0,2.1213882125945083,14,2,0.07666192092870441,0.0,inf
12766632818714929165,5054185960427370209,simulations/instances/instance_12766632818714929165.csv,2,MAX,0.8,LIMITED,AVERAGE_SCENARIO,77600.0,1750000.0,1827600.0,2.1213882125945083,14,2,0.07666192092870441,0.0,inf
9707043526940373274,11243996154549872431,simulations/instances/instance_9707043526940373274.csv,1,MAX,0.8,LIMITED,AVERAGE_SCENARIO,77200.0,1613400.0,1690600.0,0.5171707472501762,18,0,0.3204367434132447,38.46153846153847,
9707043526940373274,11243996154549872431,simulations/instances/instance_9707043526940373274.csv,1,MAX,0.8,LIMITED,AVERAGE_SCENARIO,77200.0,1613400.0,1690600.0,0.5171707472501762,18,0,0.3204367434132447,38.46153846153847,
12766632818714929165,5581984997563196526,simulations/instances/instance_12766632818714929165.csv,2,AVG,0.8,LIMITED,AVERAGE_SCENARIO,60800.0,1750200.0,1811000.0,2.5963461033281745,8,0,-0.8323294272259337,-42.857142857142854,
12766632818714929165,5581984997563196526,simulations/instances/instance_12766632818714929165.csv,2,AVG,0.8,LIMITED,AVERAGE_SCENARIO,60800.0,1750200.0,1811000.0,2.5963461033281745,8,0,-0.8323294272259337,-42.857142857142854,
7465116319130191447,3366753686236108077,simulations/instances/instance_7465116319130191447.csv,10,AVG,0.8,LIMITED,EARLIEST,75200.0,1802400.0,1877600.0,20.374401103264525,21,32,2.6571897211591033,950.0,inf
7465116319130191447,3366753686236108077,simulations/instances/instance_7465116319130191447.csv,10,AVG,0.8,LIMITED,EARLIEST,75200.0,1802400.0,1877600.0,20.374401103264525,21,32,2.6571897211591033,950.0,inf
250111777107487511,13837890823088231746,simulations/instances/instance_250111777107487511.csv,1,MAX,0.8,LIMITED,AVERAGE_SCENARIO,67600.0,1668000.0,1735600.0,0.20508095066152657,7,0,0.6144927536231884,40.0,
250111777107487511,13837890823088231746,simulations/instances/instance_250111777107487511.csv,1,MAX,0.8,LIMITED,AVERAGE_SCENARIO,67600.0,1668000.0,1735600.0,0.20508095066152657,7,0,0.6144927536231884,40.0,
6096551986938506664,2388689185799241402,simulations/instances/instance_6096551986938506664.csv,0,AVG,0.8,LIMITED,AVERAGE_SCENARIO,108000.0,1830400.0,1938400.0,0.08551624808713683,21,0,0.0,0.0,
6096551986938506664,2388689185799241402,simulations/instances/instance_6096551986938506664.csv,0,AVG,0.8,LIMITED,AVERAGE_SCENARIO,108000.0,1830400.0,1938400.0,0.08551624808713683,21,0,0.0,0.0,
135224002065681560,7010662639283232393,simulations/instances/instance_135224002065681560.csv,1,MAX,0.8,LIMITED,AVERAGE_SCENARIO,44000.0,1657800.0,1701800.0,0.32956942730924926,2,0,-0.15254635062191974,-50.0,
135224002065681560,7010662639283232393,simulations/instances/instance_135224002065681560.csv,1,MAX,0.8,LIMITED,AVERAGE_SCENARIO,44000.0,1657800.0,1701800.0,0.32956942730924926,2,0,-0.15254635062191974,-50.0,
